Order,ProvinceCode,CityMunicipalityCode,CurrentCityMunicipalityName,CorrectProvinceName,CorrectCityMunicipalityName,UpdateSQL,VerifySQL
1,0330100000,0330100000,City of Angeles,Pampanga,Angeles,"SET @bad_province_code='0330100000'; SET @city_code='0330100000'; SET @target_province_name='Pampanga'; SET @target_city_name='Angeles'; SET @existing_province_code=(SELECT ProvinceCode FROM psgcprovinces WHERE TRIM(ProvinceName)=@target_province_name ORDER BY ProvinceCode LIMIT 1); UPDATE psgcprovinces SET ProvinceName=@target_province_name WHERE ProvinceCode=@bad_province_code AND (@existing_province_code IS NULL OR @existing_province_code=@bad_province_code); UPDATE psgccitiesmunicipalities SET ProvinceCode=COALESCE(@existing_province_code,@bad_province_code), CityMunicipalityName=@target_city_name WHERE CityMunicipalityCode=@city_code; DELETE FROM psgcprovinces WHERE ProvinceCode=@bad_province_code AND @existing_province_code IS NOT NULL AND @existing_province_code<>@bad_province_code AND NOT EXISTS (SELECT 1 FROM psgccitiesmunicipalities WHERE ProvinceCode=@bad_province_code);","SELECT c.CityMunicipalityCode,c.CityMunicipalityName,c.ProvinceCode,p.ProvinceName,COUNT(b.BarangayCode) AS BarangayCount FROM psgccitiesmunicipalities c JOIN psgcprovinces p ON p.ProvinceCode=c.ProvinceCode LEFT JOIN psgcbarangays b ON b.CityMunicipalityCode=c.CityMunicipalityCode WHERE c.CityMunicipalityCode='0330100000' GROUP BY c.CityMunicipalityCode,c.CityMunicipalityName,c.ProvinceCode,p.ProvinceName;"
2,0331400000,0331400000,City of Olongapo,Zambales,Olongapo,"SET @bad_province_code='0331400000'; SET @city_code='0331400000'; SET @target_province_name='Zambales'; SET @target_city_name='Olongapo'; SET @existing_province_code=(SELECT ProvinceCode FROM psgcprovinces WHERE TRIM(ProvinceName)=@target_province_name ORDER BY ProvinceCode LIMIT 1); UPDATE psgcprovinces SET ProvinceName=@target_province_name WHERE ProvinceCode=@bad_province_code AND (@existing_province_code IS NULL OR @existing_province_code=@bad_province_code); UPDATE psgccitiesmunicipalities SET ProvinceCode=COALESCE(@existing_province_code,@bad_province_code), CityMunicipalityName=@target_city_name WHERE CityMunicipalityCode=@city_code; DELETE FROM psgcprovinces WHERE ProvinceCode=@bad_province_code AND @existing_province_code IS NOT NULL AND @existing_province_code<>@bad_province_code AND NOT EXISTS (SELECT 1 FROM psgccitiesmunicipalities WHERE ProvinceCode=@bad_province_code);","SELECT c.CityMunicipalityCode,c.CityMunicipalityName,c.ProvinceCode,p.ProvinceName,COUNT(b.BarangayCode) AS BarangayCount FROM psgccitiesmunicipalities c JOIN psgcprovinces p ON p.ProvinceCode=c.ProvinceCode LEFT JOIN psgcbarangays b ON b.CityMunicipalityCode=c.CityMunicipalityCode WHERE c.CityMunicipalityCode='0331400000' GROUP BY c.CityMunicipalityCode,c.CityMunicipalityName,c.ProvinceCode,p.ProvinceName;"
3,0431200000,0431200000,City of Lucena,Quezon,Lucena,"SET @bad_province_code='0431200000'; SET @city_code='0431200000'; SET @target_province_name='Quezon'; SET @target_city_name='Lucena'; SET @existing_province_code=(SELECT ProvinceCode FROM psgcprovinces WHERE TRIM(ProvinceName)=@target_province_name ORDER BY ProvinceCode LIMIT 1); UPDATE psgcprovinces SET ProvinceName=@target_province_name WHERE ProvinceCode=@bad_province_code AND (@existing_province_code IS NULL OR @existing_province_code=@bad_province_code); UPDATE psgccitiesmunicipalities SET ProvinceCode=COALESCE(@existing_province_code,@bad_province_code), CityMunicipalityName=@target_city_name WHERE CityMunicipalityCode=@city_code; DELETE FROM psgcprovinces WHERE ProvinceCode=@bad_province_code AND @existing_province_code IS NOT NULL AND @existing_province_code<>@bad_province_code AND NOT EXISTS (SELECT 1 FROM psgccitiesmunicipalities WHERE ProvinceCode=@bad_province_code);","SELECT c.CityMunicipalityCode,c.CityMunicipalityName,c.ProvinceCode,p.ProvinceName,COUNT(b.BarangayCode) AS BarangayCount FROM psgccitiesmunicipalities c JOIN psgcprovinces p ON p.ProvinceCode=c.ProvinceCode LEFT JOIN psgcbarangays b ON b.CityMunicipalityCode=c.CityMunicipalityCode WHERE c.CityMunicipalityCode='0431200000' GROUP BY c.CityMunicipalityCode,c.CityMunicipalityName,c.ProvinceCode,p.ProvinceName;"
4,0630200000,0630200000,City of Bacolod,Negros Occidental,Bacolod,"SET @bad_province_code='0630200000'; SET @city_code='0630200000'; SET @target_province_name='Negros Occidental'; SET @target_city_name='Bacolod'; SET @existing_province_code=(SELECT ProvinceCode FROM psgcprovinces WHERE TRIM(ProvinceName)=@target_province_name ORDER BY ProvinceCode LIMIT 1); UPDATE psgcprovinces SET ProvinceName=@target_province_name WHERE ProvinceCode=@bad_province_code AND (@existing_province_code IS NULL OR @existing_province_code=@bad_province_code); UPDATE psgccitiesmunicipalities SET ProvinceCode=COALESCE(@existing_province_code,@bad_province_code), CityMunicipalityName=@target_city_name WHERE CityMunicipalityCode=@city_code; DELETE FROM psgcprovinces WHERE ProvinceCode=@bad_province_code AND @existing_province_code IS NOT NULL AND @existing_province_code<>@bad_province_code AND NOT EXISTS (SELECT 1 FROM psgccitiesmunicipalities WHERE ProvinceCode=@bad_province_code);","SELECT c.CityMunicipalityCode,c.CityMunicipalityName,c.ProvinceCode,p.ProvinceName,COUNT(b.BarangayCode) AS BarangayCount FROM psgccitiesmunicipalities c JOIN psgcprovinces p ON p.ProvinceCode=c.ProvinceCode LEFT JOIN psgcbarangays b ON b.CityMunicipalityCode=c.CityMunicipalityCode WHERE c.CityMunicipalityCode='0630200000' GROUP BY c.CityMunicipalityCode,c.CityMunicipalityName,c.ProvinceCode,p.ProvinceName;"
5,0631000000,0631000000,City of Iloilo,Iloilo,Iloilo,"SET @bad_province_code='0631000000'; SET @city_code='0631000000'; SET @target_province_name='Iloilo'; SET @target_city_name='Iloilo'; SET @existing_province_code=(SELECT ProvinceCode FROM psgcprovinces WHERE TRIM(ProvinceName)=@target_province_name ORDER BY ProvinceCode LIMIT 1); UPDATE psgcprovinces SET ProvinceName=@target_province_name WHERE ProvinceCode=@bad_province_code AND (@existing_province_code IS NULL OR @existing_province_code=@bad_province_code); UPDATE psgccitiesmunicipalities SET ProvinceCode=COALESCE(@existing_province_code,@bad_province_code), CityMunicipalityName=@target_city_name WHERE CityMunicipalityCode=@city_code; DELETE FROM psgcprovinces WHERE ProvinceCode=@bad_province_code AND @existing_province_code IS NOT NULL AND @existing_province_code<>@bad_province_code AND NOT EXISTS (SELECT 1 FROM psgccitiesmunicipalities WHERE ProvinceCode=@bad_province_code);","SELECT c.CityMunicipalityCode,c.CityMunicipalityName,c.ProvinceCode,p.ProvinceName,COUNT(b.BarangayCode) AS BarangayCount FROM psgccitiesmunicipalities c JOIN psgcprovinces p ON p.ProvinceCode=c.ProvinceCode LEFT JOIN psgcbarangays b ON b.CityMunicipalityCode=c.CityMunicipalityCode WHERE c.CityMunicipalityCode='0631000000' GROUP BY c.CityMunicipalityCode,c.CityMunicipalityName,c.ProvinceCode,p.ProvinceName;"
6,0730600000,0730600000,City of Cebu,Cebu,Cebu,"SET @bad_province_code='0730600000'; SET @city_code='0730600000'; SET @target_province_name='Cebu'; SET @target_city_name='Cebu'; SET @existing_province_code=(SELECT ProvinceCode FROM psgcprovinces WHERE TRIM(ProvinceName)=@target_province_name ORDER BY ProvinceCode LIMIT 1); UPDATE psgcprovinces SET ProvinceName=@target_province_name WHERE ProvinceCode=@bad_province_code AND (@existing_province_code IS NULL OR @existing_province_code=@bad_province_code); UPDATE psgccitiesmunicipalities SET ProvinceCode=COALESCE(@existing_province_code,@bad_province_code), CityMunicipalityName=@target_city_name WHERE CityMunicipalityCode=@city_code; DELETE FROM psgcprovinces WHERE ProvinceCode=@bad_province_code AND @existing_province_code IS NOT NULL AND @existing_province_code<>@bad_province_code AND NOT EXISTS (SELECT 1 FROM psgccitiesmunicipalities WHERE ProvinceCode=@bad_province_code);","SELECT c.CityMunicipalityCode,c.CityMunicipalityName,c.ProvinceCode,p.ProvinceName,COUNT(b.BarangayCode) AS BarangayCount FROM psgccitiesmunicipalities c JOIN psgcprovinces p ON p.ProvinceCode=c.ProvinceCode LEFT JOIN psgcbarangays b ON b.CityMunicipalityCode=c.CityMunicipalityCode WHERE c.CityMunicipalityCode='0730600000' GROUP BY c.CityMunicipalityCode,c.CityMunicipalityName,c.ProvinceCode,p.ProvinceName;"
7,0731100000,0731100000,City of Lapu-Lapu,Cebu,Lapu-Lapu,"SET @bad_province_code='0731100000'; SET @city_code='0731100000'; SET @target_province_name='Cebu'; SET @target_city_name='Lapu-Lapu'; SET @existing_province_code=(SELECT ProvinceCode FROM psgcprovinces WHERE TRIM(ProvinceName)=@target_province_name ORDER BY ProvinceCode LIMIT 1); UPDATE psgcprovinces SET ProvinceName=@target_province_name WHERE ProvinceCode=@bad_province_code AND (@existing_province_code IS NULL OR @existing_province_code=@bad_province_code); UPDATE psgccitiesmunicipalities SET ProvinceCode=COALESCE(@existing_province_code,@bad_province_code), CityMunicipalityName=@target_city_name WHERE CityMunicipalityCode=@city_code; DELETE FROM psgcprovinces WHERE ProvinceCode=@bad_province_code AND @existing_province_code IS NOT NULL AND @existing_province_code<>@bad_province_code AND NOT EXISTS (SELECT 1 FROM psgccitiesmunicipalities WHERE ProvinceCode=@bad_province_code);","SELECT c.CityMunicipalityCode,c.CityMunicipalityName,c.ProvinceCode,p.ProvinceName,COUNT(b.BarangayCode) AS BarangayCount FROM psgccitiesmunicipalities c JOIN psgcprovinces p ON p.ProvinceCode=c.ProvinceCode LEFT JOIN psgcbarangays b ON b.CityMunicipalityCode=c.CityMunicipalityCode WHERE c.CityMunicipalityCode='0731100000' GROUP BY c.CityMunicipalityCode,c.CityMunicipalityName,c.ProvinceCode,p.ProvinceName;"
8,0731300000,0731300000,City of Mandaue,Cebu,Mandaue,"SET @bad_province_code='0731300000'; SET @city_code='0731300000'; SET @target_province_name='Cebu'; SET @target_city_name='Mandaue'; SET @existing_province_code=(SELECT ProvinceCode FROM psgcprovinces WHERE TRIM(ProvinceName)=@target_province_name ORDER BY ProvinceCode LIMIT 1); UPDATE psgcprovinces SET ProvinceName=@target_province_name WHERE ProvinceCode=@bad_province_code AND (@existing_province_code IS NULL OR @existing_province_code=@bad_province_code); UPDATE psgccitiesmunicipalities SET ProvinceCode=COALESCE(@existing_province_code,@bad_province_code), CityMunicipalityName=@target_city_name WHERE CityMunicipalityCode=@city_code; DELETE FROM psgcprovinces WHERE ProvinceCode=@bad_province_code AND @existing_province_code IS NOT NULL AND @existing_province_code<>@bad_province_code AND NOT EXISTS (SELECT 1 FROM psgccitiesmunicipalities WHERE ProvinceCode=@bad_province_code);","SELECT c.CityMunicipalityCode,c.CityMunicipalityName,c.ProvinceCode,p.ProvinceName,COUNT(b.BarangayCode) AS BarangayCount FROM psgccitiesmunicipalities c JOIN psgcprovinces p ON p.ProvinceCode=c.ProvinceCode LEFT JOIN psgcbarangays b ON b.CityMunicipalityCode=c.CityMunicipalityCode WHERE c.CityMunicipalityCode='0731300000' GROUP BY c.CityMunicipalityCode,c.CityMunicipalityName,c.ProvinceCode,p.ProvinceName;"
9,0831600000,0831600000,City of Tacloban,Leyte,Tacloban,"SET @bad_province_code='0831600000'; SET @city_code='0831600000'; SET @target_province_name='Leyte'; SET @target_city_name='Tacloban'; SET @existing_province_code=(SELECT ProvinceCode FROM psgcprovinces WHERE TRIM(ProvinceName)=@target_province_name ORDER BY ProvinceCode LIMIT 1); UPDATE psgcprovinces SET ProvinceName=@target_province_name WHERE ProvinceCode=@bad_province_code AND (@existing_province_code IS NULL OR @existing_province_code=@bad_province_code); UPDATE psgccitiesmunicipalities SET ProvinceCode=COALESCE(@existing_province_code,@bad_province_code), CityMunicipalityName=@target_city_name WHERE CityMunicipalityCode=@city_code; DELETE FROM psgcprovinces WHERE ProvinceCode=@bad_province_code AND @existing_province_code IS NOT NULL AND @existing_province_code<>@bad_province_code AND NOT EXISTS (SELECT 1 FROM psgccitiesmunicipalities WHERE ProvinceCode=@bad_province_code);","SELECT c.CityMunicipalityCode,c.CityMunicipalityName,c.ProvinceCode,p.ProvinceName,COUNT(b.BarangayCode) AS BarangayCount FROM psgccitiesmunicipalities c JOIN psgcprovinces p ON p.ProvinceCode=c.ProvinceCode LEFT JOIN psgcbarangays b ON b.CityMunicipalityCode=c.CityMunicipalityCode WHERE c.CityMunicipalityCode='0831600000' GROUP BY c.CityMunicipalityCode,c.CityMunicipalityName,c.ProvinceCode,p.ProvinceName;"
10,0931700000,0931700000,City of Zamboanga,Zamboanga del Sur,Zamboanga,"SET @bad_province_code='0931700000'; SET @city_code='0931700000'; SET @target_province_name='Zamboanga del Sur'; SET @target_city_name='Zamboanga'; SET @existing_province_code=(SELECT ProvinceCode FROM psgcprovinces WHERE TRIM(ProvinceName)=@target_province_name ORDER BY ProvinceCode LIMIT 1); UPDATE psgcprovinces SET ProvinceName=@target_province_name WHERE ProvinceCode=@bad_province_code AND (@existing_province_code IS NULL OR @existing_province_code=@bad_province_code); UPDATE psgccitiesmunicipalities SET ProvinceCode=COALESCE(@existing_province_code,@bad_province_code), CityMunicipalityName=@target_city_name WHERE CityMunicipalityCode=@city_code; DELETE FROM psgcprovinces WHERE ProvinceCode=@bad_province_code AND @existing_province_code IS NOT NULL AND @existing_province_code<>@bad_province_code AND NOT EXISTS (SELECT 1 FROM psgccitiesmunicipalities WHERE ProvinceCode=@bad_province_code);","SELECT c.CityMunicipalityCode,c.CityMunicipalityName,c.ProvinceCode,p.ProvinceName,COUNT(b.BarangayCode) AS BarangayCount FROM psgccitiesmunicipalities c JOIN psgcprovinces p ON p.ProvinceCode=c.ProvinceCode LEFT JOIN psgcbarangays b ON b.CityMunicipalityCode=c.CityMunicipalityCode WHERE c.CityMunicipalityCode='0931700000' GROUP BY c.CityMunicipalityCode,c.CityMunicipalityName,c.ProvinceCode,p.ProvinceName;"
11,0990100000,0990101000,City of Isabela,Basilan,Isabela,"SET @bad_province_code='0990100000'; SET @city_code='0990101000'; SET @target_province_name='Basilan'; SET @target_city_name='Isabela'; SET @existing_province_code=(SELECT ProvinceCode FROM psgcprovinces WHERE TRIM(ProvinceName)=@target_province_name ORDER BY ProvinceCode LIMIT 1); UPDATE psgcprovinces SET ProvinceName=@target_province_name WHERE ProvinceCode=@bad_province_code AND (@existing_province_code IS NULL OR @existing_province_code=@bad_province_code); UPDATE psgccitiesmunicipalities SET ProvinceCode=COALESCE(@existing_province_code,@bad_province_code), CityMunicipalityName=@target_city_name WHERE CityMunicipalityCode=@city_code; DELETE FROM psgcprovinces WHERE ProvinceCode=@bad_province_code AND @existing_province_code IS NOT NULL AND @existing_province_code<>@bad_province_code AND NOT EXISTS (SELECT 1 FROM psgccitiesmunicipalities WHERE ProvinceCode=@bad_province_code);","SELECT c.CityMunicipalityCode,c.CityMunicipalityName,c.ProvinceCode,p.ProvinceName,COUNT(b.BarangayCode) AS BarangayCount FROM psgccitiesmunicipalities c JOIN psgcprovinces p ON p.ProvinceCode=c.ProvinceCode LEFT JOIN psgcbarangays b ON b.CityMunicipalityCode=c.CityMunicipalityCode WHERE c.CityMunicipalityCode='0990101000' GROUP BY c.CityMunicipalityCode,c.CityMunicipalityName,c.ProvinceCode,p.ProvinceName;"
12,1030500000,1030500000,City of Cagayan De Oro,Misamis Oriental,Cagayan de Oro,"SET @bad_province_code='1030500000'; SET @city_code='1030500000'; SET @target_province_name='Misamis Oriental'; SET @target_city_name='Cagayan de Oro'; SET @existing_province_code=(SELECT ProvinceCode FROM psgcprovinces WHERE TRIM(ProvinceName)=@target_province_name ORDER BY ProvinceCode LIMIT 1); UPDATE psgcprovinces SET ProvinceName=@target_province_name WHERE ProvinceCode=@bad_province_code AND (@existing_province_code IS NULL OR @existing_province_code=@bad_province_code); UPDATE psgccitiesmunicipalities SET ProvinceCode=COALESCE(@existing_province_code,@bad_province_code), CityMunicipalityName=@target_city_name WHERE CityMunicipalityCode=@city_code; DELETE FROM psgcprovinces WHERE ProvinceCode=@bad_province_code AND @existing_province_code IS NOT NULL AND @existing_province_code<>@bad_province_code AND NOT EXISTS (SELECT 1 FROM psgccitiesmunicipalities WHERE ProvinceCode=@bad_province_code);","SELECT c.CityMunicipalityCode,c.CityMunicipalityName,c.ProvinceCode,p.ProvinceName,COUNT(b.BarangayCode) AS BarangayCount FROM psgccitiesmunicipalities c JOIN psgcprovinces p ON p.ProvinceCode=c.ProvinceCode LEFT JOIN psgcbarangays b ON b.CityMunicipalityCode=c.CityMunicipalityCode WHERE c.CityMunicipalityCode='1030500000' GROUP BY c.CityMunicipalityCode,c.CityMunicipalityName,c.ProvinceCode,p.ProvinceName;"
13,1030900000,1030900000,City of Iligan,Lanao del Norte,Iligan,"SET @bad_province_code='1030900000'; SET @city_code='1030900000'; SET @target_province_name='Lanao del Norte'; SET @target_city_name='Iligan'; SET @existing_province_code=(SELECT ProvinceCode FROM psgcprovinces WHERE TRIM(ProvinceName)=@target_province_name ORDER BY ProvinceCode LIMIT 1); UPDATE psgcprovinces SET ProvinceName=@target_province_name WHERE ProvinceCode=@bad_province_code AND (@existing_province_code IS NULL OR @existing_province_code=@bad_province_code); UPDATE psgccitiesmunicipalities SET ProvinceCode=COALESCE(@existing_province_code,@bad_province_code), CityMunicipalityName=@target_city_name WHERE CityMunicipalityCode=@city_code; DELETE FROM psgcprovinces WHERE ProvinceCode=@bad_province_code AND @existing_province_code IS NOT NULL AND @existing_province_code<>@bad_province_code AND NOT EXISTS (SELECT 1 FROM psgccitiesmunicipalities WHERE ProvinceCode=@bad_province_code);","SELECT c.CityMunicipalityCode,c.CityMunicipalityName,c.ProvinceCode,p.ProvinceName,COUNT(b.BarangayCode) AS BarangayCount FROM psgccitiesmunicipalities c JOIN psgcprovinces p ON p.ProvinceCode=c.ProvinceCode LEFT JOIN psgcbarangays b ON b.CityMunicipalityCode=c.CityMunicipalityCode WHERE c.CityMunicipalityCode='1030900000' GROUP BY c.CityMunicipalityCode,c.CityMunicipalityName,c.ProvinceCode,p.ProvinceName;"
14,1130700000,1130700000,City of Davao,Davao del Sur,Davao,"SET @bad_province_code='1130700000'; SET @city_code='1130700000'; SET @target_province_name='Davao del Sur'; SET @target_city_name='Davao'; SET @existing_province_code=(SELECT ProvinceCode FROM psgcprovinces WHERE TRIM(ProvinceName)=@target_province_name ORDER BY ProvinceCode LIMIT 1); UPDATE psgcprovinces SET ProvinceName=@target_province_name WHERE ProvinceCode=@bad_province_code AND (@existing_province_code IS NULL OR @existing_province_code=@bad_province_code); UPDATE psgccitiesmunicipalities SET ProvinceCode=COALESCE(@existing_province_code,@bad_province_code), CityMunicipalityName=@target_city_name WHERE CityMunicipalityCode=@city_code; DELETE FROM psgcprovinces WHERE ProvinceCode=@bad_province_code AND @existing_province_code IS NOT NULL AND @existing_province_code<>@bad_province_code AND NOT EXISTS (SELECT 1 FROM psgccitiesmunicipalities WHERE ProvinceCode=@bad_province_code);","SELECT c.CityMunicipalityCode,c.CityMunicipalityName,c.ProvinceCode,p.ProvinceName,COUNT(b.BarangayCode) AS BarangayCount FROM psgccitiesmunicipalities c JOIN psgcprovinces p ON p.ProvinceCode=c.ProvinceCode LEFT JOIN psgcbarangays b ON b.CityMunicipalityCode=c.CityMunicipalityCode WHERE c.CityMunicipalityCode='1130700000' GROUP BY c.CityMunicipalityCode,c.CityMunicipalityName,c.ProvinceCode,p.ProvinceName;"
