"Order","ProvinceCode","CityMunicipalityCode","CurrentCityMunicipalityName","CorrectProvinceName","CorrectCityMunicipalityName","UpdateSQL","VerifySQL"
"1","1230800000","1230800000","City of General Santos","South Cotabato","General Santos City","SET @bad_province_code='1230800000'; SET @city_code='1230800000'; SET @target_province_name='South Cotabato'; SET @target_city_name='General Santos City'; SET @existing_province_code=(SELECT ProvinceCode FROM psgcprovinces WHERE TRIM(ProvinceName)=@target_province_name ORDER BY ProvinceCode LIMIT 1); UPDATE psgcprovinces SET ProvinceName=@target_province_name WHERE ProvinceCode=@bad_province_code AND (@existing_province_code IS NULL OR @existing_province_code=@bad_province_code); UPDATE psgccitiesmunicipalities SET ProvinceCode=COALESCE(@existing_province_code,@bad_province_code), CityMunicipalityName=@target_city_name WHERE CityMunicipalityCode=@city_code; DELETE FROM psgcprovinces WHERE ProvinceCode=@bad_province_code AND @existing_province_code IS NOT NULL AND @existing_province_code<>@bad_province_code AND NOT EXISTS (SELECT 1 FROM psgccitiesmunicipalities WHERE ProvinceCode=@bad_province_code);","SELECT c.CityMunicipalityCode,c.CityMunicipalityName,c.ProvinceCode,p.ProvinceName,COUNT(b.BarangayCode) AS BarangayCount FROM psgccitiesmunicipalities c JOIN psgcprovinces p ON p.ProvinceCode=c.ProvinceCode LEFT JOIN psgcbarangays b ON b.CityMunicipalityCode=c.CityMunicipalityCode WHERE c.CityMunicipalityCode='1230800000' GROUP BY c.CityMunicipalityCode,c.CityMunicipalityName,c.ProvinceCode,p.ProvinceName;"
"2","1380100000","1380100000","City of Caloocan","Metropolitan Manila","Caloocan City","SET @bad_province_code='1380100000'; SET @city_code='1380100000'; SET @target_province_name='Metropolitan Manila'; SET @target_city_name='Caloocan City'; SET @existing_province_code=(SELECT ProvinceCode FROM psgcprovinces WHERE TRIM(ProvinceName)=@target_province_name ORDER BY ProvinceCode LIMIT 1); UPDATE psgcprovinces SET ProvinceName=@target_province_name WHERE ProvinceCode=@bad_province_code AND (@existing_province_code IS NULL OR @existing_province_code=@bad_province_code); UPDATE psgccitiesmunicipalities SET ProvinceCode=COALESCE(@existing_province_code,@bad_province_code), CityMunicipalityName=@target_city_name WHERE CityMunicipalityCode=@city_code; DELETE FROM psgcprovinces WHERE ProvinceCode=@bad_province_code AND @existing_province_code IS NOT NULL AND @existing_province_code<>@bad_province_code AND NOT EXISTS (SELECT 1 FROM psgccitiesmunicipalities WHERE ProvinceCode=@bad_province_code);","SELECT c.CityMunicipalityCode,c.CityMunicipalityName,c.ProvinceCode,p.ProvinceName,COUNT(b.BarangayCode) AS BarangayCount FROM psgccitiesmunicipalities c JOIN psgcprovinces p ON p.ProvinceCode=c.ProvinceCode LEFT JOIN psgcbarangays b ON b.CityMunicipalityCode=c.CityMunicipalityCode WHERE c.CityMunicipalityCode='1380100000' GROUP BY c.CityMunicipalityCode,c.CityMunicipalityName,c.ProvinceCode,p.ProvinceName;"
"3","1380200000","1380200000","City of Las Pinas","Metropolitan Manila","Las Pinas City","SET @bad_province_code='1380200000'; SET @city_code='1380200000'; SET @target_province_name='Metropolitan Manila'; SET @target_city_name='Las Pinas City'; SET @existing_province_code=(SELECT ProvinceCode FROM psgcprovinces WHERE TRIM(ProvinceName)=@target_province_name ORDER BY ProvinceCode LIMIT 1); UPDATE psgcprovinces SET ProvinceName=@target_province_name WHERE ProvinceCode=@bad_province_code AND (@existing_province_code IS NULL OR @existing_province_code=@bad_province_code); UPDATE psgccitiesmunicipalities SET ProvinceCode=COALESCE(@existing_province_code,@bad_province_code), CityMunicipalityName=@target_city_name WHERE CityMunicipalityCode=@city_code; DELETE FROM psgcprovinces WHERE ProvinceCode=@bad_province_code AND @existing_province_code IS NOT NULL AND @existing_province_code<>@bad_province_code AND NOT EXISTS (SELECT 1 FROM psgccitiesmunicipalities WHERE ProvinceCode=@bad_province_code);","SELECT c.CityMunicipalityCode,c.CityMunicipalityName,c.ProvinceCode,p.ProvinceName,COUNT(b.BarangayCode) AS BarangayCount FROM psgccitiesmunicipalities c JOIN psgcprovinces p ON p.ProvinceCode=c.ProvinceCode LEFT JOIN psgcbarangays b ON b.CityMunicipalityCode=c.CityMunicipalityCode WHERE c.CityMunicipalityCode='1380200000' GROUP BY c.CityMunicipalityCode,c.CityMunicipalityName,c.ProvinceCode,p.ProvinceName;"
"4","1380300000","1380300000","City of Makati","Metropolitan Manila","Makati City","SET @bad_province_code='1380300000'; SET @city_code='1380300000'; SET @target_province_name='Metropolitan Manila'; SET @target_city_name='Makati City'; SET @existing_province_code=(SELECT ProvinceCode FROM psgcprovinces WHERE TRIM(ProvinceName)=@target_province_name ORDER BY ProvinceCode LIMIT 1); UPDATE psgcprovinces SET ProvinceName=@target_province_name WHERE ProvinceCode=@bad_province_code AND (@existing_province_code IS NULL OR @existing_province_code=@bad_province_code); UPDATE psgccitiesmunicipalities SET ProvinceCode=COALESCE(@existing_province_code,@bad_province_code), CityMunicipalityName=@target_city_name WHERE CityMunicipalityCode=@city_code; DELETE FROM psgcprovinces WHERE ProvinceCode=@bad_province_code AND @existing_province_code IS NOT NULL AND @existing_province_code<>@bad_province_code AND NOT EXISTS (SELECT 1 FROM psgccitiesmunicipalities WHERE ProvinceCode=@bad_province_code);","SELECT c.CityMunicipalityCode,c.CityMunicipalityName,c.ProvinceCode,p.ProvinceName,COUNT(b.BarangayCode) AS BarangayCount FROM psgccitiesmunicipalities c JOIN psgcprovinces p ON p.ProvinceCode=c.ProvinceCode LEFT JOIN psgcbarangays b ON b.CityMunicipalityCode=c.CityMunicipalityCode WHERE c.CityMunicipalityCode='1380300000' GROUP BY c.CityMunicipalityCode,c.CityMunicipalityName,c.ProvinceCode,p.ProvinceName;"
"5","1380400000","1380400000","City of Malabon","Metropolitan Manila","Malabon City","SET @bad_province_code='1380400000'; SET @city_code='1380400000'; SET @target_province_name='Metropolitan Manila'; SET @target_city_name='Malabon City'; SET @existing_province_code=(SELECT ProvinceCode FROM psgcprovinces WHERE TRIM(ProvinceName)=@target_province_name ORDER BY ProvinceCode LIMIT 1); UPDATE psgcprovinces SET ProvinceName=@target_province_name WHERE ProvinceCode=@bad_province_code AND (@existing_province_code IS NULL OR @existing_province_code=@bad_province_code); UPDATE psgccitiesmunicipalities SET ProvinceCode=COALESCE(@existing_province_code,@bad_province_code), CityMunicipalityName=@target_city_name WHERE CityMunicipalityCode=@city_code; DELETE FROM psgcprovinces WHERE ProvinceCode=@bad_province_code AND @existing_province_code IS NOT NULL AND @existing_province_code<>@bad_province_code AND NOT EXISTS (SELECT 1 FROM psgccitiesmunicipalities WHERE ProvinceCode=@bad_province_code);","SELECT c.CityMunicipalityCode,c.CityMunicipalityName,c.ProvinceCode,p.ProvinceName,COUNT(b.BarangayCode) AS BarangayCount FROM psgccitiesmunicipalities c JOIN psgcprovinces p ON p.ProvinceCode=c.ProvinceCode LEFT JOIN psgcbarangays b ON b.CityMunicipalityCode=c.CityMunicipalityCode WHERE c.CityMunicipalityCode='1380400000' GROUP BY c.CityMunicipalityCode,c.CityMunicipalityName,c.ProvinceCode,p.ProvinceName;"
"6","1380500000","1380500000","City of Mandaluyong","Metropolitan Manila","Mandaluyong City","SET @bad_province_code='1380500000'; SET @city_code='1380500000'; SET @target_province_name='Metropolitan Manila'; SET @target_city_name='Mandaluyong City'; SET @existing_province_code=(SELECT ProvinceCode FROM psgcprovinces WHERE TRIM(ProvinceName)=@target_province_name ORDER BY ProvinceCode LIMIT 1); UPDATE psgcprovinces SET ProvinceName=@target_province_name WHERE ProvinceCode=@bad_province_code AND (@existing_province_code IS NULL OR @existing_province_code=@bad_province_code); UPDATE psgccitiesmunicipalities SET ProvinceCode=COALESCE(@existing_province_code,@bad_province_code), CityMunicipalityName=@target_city_name WHERE CityMunicipalityCode=@city_code; DELETE FROM psgcprovinces WHERE ProvinceCode=@bad_province_code AND @existing_province_code IS NOT NULL AND @existing_province_code<>@bad_province_code AND NOT EXISTS (SELECT 1 FROM psgccitiesmunicipalities WHERE ProvinceCode=@bad_province_code);","SELECT c.CityMunicipalityCode,c.CityMunicipalityName,c.ProvinceCode,p.ProvinceName,COUNT(b.BarangayCode) AS BarangayCount FROM psgccitiesmunicipalities c JOIN psgcprovinces p ON p.ProvinceCode=c.ProvinceCode LEFT JOIN psgcbarangays b ON b.CityMunicipalityCode=c.CityMunicipalityCode WHERE c.CityMunicipalityCode='1380500000' GROUP BY c.CityMunicipalityCode,c.CityMunicipalityName,c.ProvinceCode,p.ProvinceName;"
"7","1380600000","1380600000","City of Manila","Metropolitan Manila","Manila","SET @bad_province_code='1380600000'; SET @city_code='1380600000'; SET @target_province_name='Metropolitan Manila'; SET @target_city_name='Manila'; SET @existing_province_code=(SELECT ProvinceCode FROM psgcprovinces WHERE TRIM(ProvinceName)=@target_province_name ORDER BY ProvinceCode LIMIT 1); UPDATE psgcprovinces SET ProvinceName=@target_province_name WHERE ProvinceCode=@bad_province_code AND (@existing_province_code IS NULL OR @existing_province_code=@bad_province_code); UPDATE psgccitiesmunicipalities SET ProvinceCode=COALESCE(@existing_province_code,@bad_province_code), CityMunicipalityName=@target_city_name WHERE CityMunicipalityCode=@city_code; DELETE FROM psgcprovinces WHERE ProvinceCode=@bad_province_code AND @existing_province_code IS NOT NULL AND @existing_province_code<>@bad_province_code AND NOT EXISTS (SELECT 1 FROM psgccitiesmunicipalities WHERE ProvinceCode=@bad_province_code);","SELECT c.CityMunicipalityCode,c.CityMunicipalityName,c.ProvinceCode,p.ProvinceName,COUNT(b.BarangayCode) AS BarangayCount FROM psgccitiesmunicipalities c JOIN psgcprovinces p ON p.ProvinceCode=c.ProvinceCode LEFT JOIN psgcbarangays b ON b.CityMunicipalityCode=c.CityMunicipalityCode WHERE c.CityMunicipalityCode='1380600000' GROUP BY c.CityMunicipalityCode,c.CityMunicipalityName,c.ProvinceCode,p.ProvinceName;"
"8","1380600000","1380601000","Tondo I/II","Metropolitan Manila","Tondo I/II","SET @bad_province_code='1380600000'; SET @city_code='1380601000'; SET @target_province_name='Metropolitan Manila'; SET @target_city_name='Tondo I/II'; SET @existing_province_code=(SELECT ProvinceCode FROM psgcprovinces WHERE TRIM(ProvinceName)=@target_province_name ORDER BY ProvinceCode LIMIT 1); UPDATE psgcprovinces SET ProvinceName=@target_province_name WHERE ProvinceCode=@bad_province_code AND (@existing_province_code IS NULL OR @existing_province_code=@bad_province_code); UPDATE psgccitiesmunicipalities SET ProvinceCode=COALESCE(@existing_province_code,@bad_province_code), CityMunicipalityName=@target_city_name WHERE CityMunicipalityCode=@city_code; DELETE FROM psgcprovinces WHERE ProvinceCode=@bad_province_code AND @existing_province_code IS NOT NULL AND @existing_province_code<>@bad_province_code AND NOT EXISTS (SELECT 1 FROM psgccitiesmunicipalities WHERE ProvinceCode=@bad_province_code);","SELECT c.CityMunicipalityCode,c.CityMunicipalityName,c.ProvinceCode,p.ProvinceName,COUNT(b.BarangayCode) AS BarangayCount FROM psgccitiesmunicipalities c JOIN psgcprovinces p ON p.ProvinceCode=c.ProvinceCode LEFT JOIN psgcbarangays b ON b.CityMunicipalityCode=c.CityMunicipalityCode WHERE c.CityMunicipalityCode='1380601000' GROUP BY c.CityMunicipalityCode,c.CityMunicipalityName,c.ProvinceCode,p.ProvinceName;"
"9","1380600000","1380602000","Binondo","Metropolitan Manila","Binondo","SET @bad_province_code='1380600000'; SET @city_code='1380602000'; SET @target_province_name='Metropolitan Manila'; SET @target_city_name='Binondo'; SET @existing_province_code=(SELECT ProvinceCode FROM psgcprovinces WHERE TRIM(ProvinceName)=@target_province_name ORDER BY ProvinceCode LIMIT 1); UPDATE psgcprovinces SET ProvinceName=@target_province_name WHERE ProvinceCode=@bad_province_code AND (@existing_province_code IS NULL OR @existing_province_code=@bad_province_code); UPDATE psgccitiesmunicipalities SET ProvinceCode=COALESCE(@existing_province_code,@bad_province_code), CityMunicipalityName=@target_city_name WHERE CityMunicipalityCode=@city_code; DELETE FROM psgcprovinces WHERE ProvinceCode=@bad_province_code AND @existing_province_code IS NOT NULL AND @existing_province_code<>@bad_province_code AND NOT EXISTS (SELECT 1 FROM psgccitiesmunicipalities WHERE ProvinceCode=@bad_province_code);","SELECT c.CityMunicipalityCode,c.CityMunicipalityName,c.ProvinceCode,p.ProvinceName,COUNT(b.BarangayCode) AS BarangayCount FROM psgccitiesmunicipalities c JOIN psgcprovinces p ON p.ProvinceCode=c.ProvinceCode LEFT JOIN psgcbarangays b ON b.CityMunicipalityCode=c.CityMunicipalityCode WHERE c.CityMunicipalityCode='1380602000' GROUP BY c.CityMunicipalityCode,c.CityMunicipalityName,c.ProvinceCode,p.ProvinceName;"
"10","1380600000","1380603000","Quiapo","Metropolitan Manila","Quiapo","SET @bad_province_code='1380600000'; SET @city_code='1380603000'; SET @target_province_name='Metropolitan Manila'; SET @target_city_name='Quiapo'; SET @existing_province_code=(SELECT ProvinceCode FROM psgcprovinces WHERE TRIM(ProvinceName)=@target_province_name ORDER BY ProvinceCode LIMIT 1); UPDATE psgcprovinces SET ProvinceName=@target_province_name WHERE ProvinceCode=@bad_province_code AND (@existing_province_code IS NULL OR @existing_province_code=@bad_province_code); UPDATE psgccitiesmunicipalities SET ProvinceCode=COALESCE(@existing_province_code,@bad_province_code), CityMunicipalityName=@target_city_name WHERE CityMunicipalityCode=@city_code; DELETE FROM psgcprovinces WHERE ProvinceCode=@bad_province_code AND @existing_province_code IS NOT NULL AND @existing_province_code<>@bad_province_code AND NOT EXISTS (SELECT 1 FROM psgccitiesmunicipalities WHERE ProvinceCode=@bad_province_code);","SELECT c.CityMunicipalityCode,c.CityMunicipalityName,c.ProvinceCode,p.ProvinceName,COUNT(b.BarangayCode) AS BarangayCount FROM psgccitiesmunicipalities c JOIN psgcprovinces p ON p.ProvinceCode=c.ProvinceCode LEFT JOIN psgcbarangays b ON b.CityMunicipalityCode=c.CityMunicipalityCode WHERE c.CityMunicipalityCode='1380603000' GROUP BY c.CityMunicipalityCode,c.CityMunicipalityName,c.ProvinceCode,p.ProvinceName;"
"11","1380600000","1380604000","San Nicolas","Metropolitan Manila","San Nicolas","SET @bad_province_code='1380600000'; SET @city_code='1380604000'; SET @target_province_name='Metropolitan Manila'; SET @target_city_name='San Nicolas'; SET @existing_province_code=(SELECT ProvinceCode FROM psgcprovinces WHERE TRIM(ProvinceName)=@target_province_name ORDER BY ProvinceCode LIMIT 1); UPDATE psgcprovinces SET ProvinceName=@target_province_name WHERE ProvinceCode=@bad_province_code AND (@existing_province_code IS NULL OR @existing_province_code=@bad_province_code); UPDATE psgccitiesmunicipalities SET ProvinceCode=COALESCE(@existing_province_code,@bad_province_code), CityMunicipalityName=@target_city_name WHERE CityMunicipalityCode=@city_code; DELETE FROM psgcprovinces WHERE ProvinceCode=@bad_province_code AND @existing_province_code IS NOT NULL AND @existing_province_code<>@bad_province_code AND NOT EXISTS (SELECT 1 FROM psgccitiesmunicipalities WHERE ProvinceCode=@bad_province_code);","SELECT c.CityMunicipalityCode,c.CityMunicipalityName,c.ProvinceCode,p.ProvinceName,COUNT(b.BarangayCode) AS BarangayCount FROM psgccitiesmunicipalities c JOIN psgcprovinces p ON p.ProvinceCode=c.ProvinceCode LEFT JOIN psgcbarangays b ON b.CityMunicipalityCode=c.CityMunicipalityCode WHERE c.CityMunicipalityCode='1380604000' GROUP BY c.CityMunicipalityCode,c.CityMunicipalityName,c.ProvinceCode,p.ProvinceName;"
"12","1380600000","1380605000","Santa Cruz","Metropolitan Manila","Santa Cruz","SET @bad_province_code='1380600000'; SET @city_code='1380605000'; SET @target_province_name='Metropolitan Manila'; SET @target_city_name='Santa Cruz'; SET @existing_province_code=(SELECT ProvinceCode FROM psgcprovinces WHERE TRIM(ProvinceName)=@target_province_name ORDER BY ProvinceCode LIMIT 1); UPDATE psgcprovinces SET ProvinceName=@target_province_name WHERE ProvinceCode=@bad_province_code AND (@existing_province_code IS NULL OR @existing_province_code=@bad_province_code); UPDATE psgccitiesmunicipalities SET ProvinceCode=COALESCE(@existing_province_code,@bad_province_code), CityMunicipalityName=@target_city_name WHERE CityMunicipalityCode=@city_code; DELETE FROM psgcprovinces WHERE ProvinceCode=@bad_province_code AND @existing_province_code IS NOT NULL AND @existing_province_code<>@bad_province_code AND NOT EXISTS (SELECT 1 FROM psgccitiesmunicipalities WHERE ProvinceCode=@bad_province_code);","SELECT c.CityMunicipalityCode,c.CityMunicipalityName,c.ProvinceCode,p.ProvinceName,COUNT(b.BarangayCode) AS BarangayCount FROM psgccitiesmunicipalities c JOIN psgcprovinces p ON p.ProvinceCode=c.ProvinceCode LEFT JOIN psgcbarangays b ON b.CityMunicipalityCode=c.CityMunicipalityCode WHERE c.CityMunicipalityCode='1380605000' GROUP BY c.CityMunicipalityCode,c.CityMunicipalityName,c.ProvinceCode,p.ProvinceName;"
"13","1380600000","1380606000","Sampaloc","Metropolitan Manila","Sampaloc","SET @bad_province_code='1380600000'; SET @city_code='1380606000'; SET @target_province_name='Metropolitan Manila'; SET @target_city_name='Sampaloc'; SET @existing_province_code=(SELECT ProvinceCode FROM psgcprovinces WHERE TRIM(ProvinceName)=@target_province_name ORDER BY ProvinceCode LIMIT 1); UPDATE psgcprovinces SET ProvinceName=@target_province_name WHERE ProvinceCode=@bad_province_code AND (@existing_province_code IS NULL OR @existing_province_code=@bad_province_code); UPDATE psgccitiesmunicipalities SET ProvinceCode=COALESCE(@existing_province_code,@bad_province_code), CityMunicipalityName=@target_city_name WHERE CityMunicipalityCode=@city_code; DELETE FROM psgcprovinces WHERE ProvinceCode=@bad_province_code AND @existing_province_code IS NOT NULL AND @existing_province_code<>@bad_province_code AND NOT EXISTS (SELECT 1 FROM psgccitiesmunicipalities WHERE ProvinceCode=@bad_province_code);","SELECT c.CityMunicipalityCode,c.CityMunicipalityName,c.ProvinceCode,p.ProvinceName,COUNT(b.BarangayCode) AS BarangayCount FROM psgccitiesmunicipalities c JOIN psgcprovinces p ON p.ProvinceCode=c.ProvinceCode LEFT JOIN psgcbarangays b ON b.CityMunicipalityCode=c.CityMunicipalityCode WHERE c.CityMunicipalityCode='1380606000' GROUP BY c.CityMunicipalityCode,c.CityMunicipalityName,c.ProvinceCode,p.ProvinceName;"
"14","1380600000","1380607000","San Miguel","Metropolitan Manila","San Miguel","SET @bad_province_code='1380600000'; SET @city_code='1380607000'; SET @target_province_name='Metropolitan Manila'; SET @target_city_name='San Miguel'; SET @existing_province_code=(SELECT ProvinceCode FROM psgcprovinces WHERE TRIM(ProvinceName)=@target_province_name ORDER BY ProvinceCode LIMIT 1); UPDATE psgcprovinces SET ProvinceName=@target_province_name WHERE ProvinceCode=@bad_province_code AND (@existing_province_code IS NULL OR @existing_province_code=@bad_province_code); UPDATE psgccitiesmunicipalities SET ProvinceCode=COALESCE(@existing_province_code,@bad_province_code), CityMunicipalityName=@target_city_name WHERE CityMunicipalityCode=@city_code; DELETE FROM psgcprovinces WHERE ProvinceCode=@bad_province_code AND @existing_province_code IS NOT NULL AND @existing_province_code<>@bad_province_code AND NOT EXISTS (SELECT 1 FROM psgccitiesmunicipalities WHERE ProvinceCode=@bad_province_code);","SELECT c.CityMunicipalityCode,c.CityMunicipalityName,c.ProvinceCode,p.ProvinceName,COUNT(b.BarangayCode) AS BarangayCount FROM psgccitiesmunicipalities c JOIN psgcprovinces p ON p.ProvinceCode=c.ProvinceCode LEFT JOIN psgcbarangays b ON b.CityMunicipalityCode=c.CityMunicipalityCode WHERE c.CityMunicipalityCode='1380607000' GROUP BY c.CityMunicipalityCode,c.CityMunicipalityName,c.ProvinceCode,p.ProvinceName;"
"15","1380600000","1380608000","Ermita","Metropolitan Manila","Ermita","SET @bad_province_code='1380600000'; SET @city_code='1380608000'; SET @target_province_name='Metropolitan Manila'; SET @target_city_name='Ermita'; SET @existing_province_code=(SELECT ProvinceCode FROM psgcprovinces WHERE TRIM(ProvinceName)=@target_province_name ORDER BY ProvinceCode LIMIT 1); UPDATE psgcprovinces SET ProvinceName=@target_province_name WHERE ProvinceCode=@bad_province_code AND (@existing_province_code IS NULL OR @existing_province_code=@bad_province_code); UPDATE psgccitiesmunicipalities SET ProvinceCode=COALESCE(@existing_province_code,@bad_province_code), CityMunicipalityName=@target_city_name WHERE CityMunicipalityCode=@city_code; DELETE FROM psgcprovinces WHERE ProvinceCode=@bad_province_code AND @existing_province_code IS NOT NULL AND @existing_province_code<>@bad_province_code AND NOT EXISTS (SELECT 1 FROM psgccitiesmunicipalities WHERE ProvinceCode=@bad_province_code);","SELECT c.CityMunicipalityCode,c.CityMunicipalityName,c.ProvinceCode,p.ProvinceName,COUNT(b.BarangayCode) AS BarangayCount FROM psgccitiesmunicipalities c JOIN psgcprovinces p ON p.ProvinceCode=c.ProvinceCode LEFT JOIN psgcbarangays b ON b.CityMunicipalityCode=c.CityMunicipalityCode WHERE c.CityMunicipalityCode='1380608000' GROUP BY c.CityMunicipalityCode,c.CityMunicipalityName,c.ProvinceCode,p.ProvinceName;"
"16","1380600000","1380609000","Intramuros","Metropolitan Manila","Intramuros","SET @bad_province_code='1380600000'; SET @city_code='1380609000'; SET @target_province_name='Metropolitan Manila'; SET @target_city_name='Intramuros'; SET @existing_province_code=(SELECT ProvinceCode FROM psgcprovinces WHERE TRIM(ProvinceName)=@target_province_name ORDER BY ProvinceCode LIMIT 1); UPDATE psgcprovinces SET ProvinceName=@target_province_name WHERE ProvinceCode=@bad_province_code AND (@existing_province_code IS NULL OR @existing_province_code=@bad_province_code); UPDATE psgccitiesmunicipalities SET ProvinceCode=COALESCE(@existing_province_code,@bad_province_code), CityMunicipalityName=@target_city_name WHERE CityMunicipalityCode=@city_code; DELETE FROM psgcprovinces WHERE ProvinceCode=@bad_province_code AND @existing_province_code IS NOT NULL AND @existing_province_code<>@bad_province_code AND NOT EXISTS (SELECT 1 FROM psgccitiesmunicipalities WHERE ProvinceCode=@bad_province_code);","SELECT c.CityMunicipalityCode,c.CityMunicipalityName,c.ProvinceCode,p.ProvinceName,COUNT(b.BarangayCode) AS BarangayCount FROM psgccitiesmunicipalities c JOIN psgcprovinces p ON p.ProvinceCode=c.ProvinceCode LEFT JOIN psgcbarangays b ON b.CityMunicipalityCode=c.CityMunicipalityCode WHERE c.CityMunicipalityCode='1380609000' GROUP BY c.CityMunicipalityCode,c.CityMunicipalityName,c.ProvinceCode,p.ProvinceName;"
"17","1380600000","1380610000","Malate","Metropolitan Manila","Malate","SET @bad_province_code='1380600000'; SET @city_code='1380610000'; SET @target_province_name='Metropolitan Manila'; SET @target_city_name='Malate'; SET @existing_province_code=(SELECT ProvinceCode FROM psgcprovinces WHERE TRIM(ProvinceName)=@target_province_name ORDER BY ProvinceCode LIMIT 1); UPDATE psgcprovinces SET ProvinceName=@target_province_name WHERE ProvinceCode=@bad_province_code AND (@existing_province_code IS NULL OR @existing_province_code=@bad_province_code); UPDATE psgccitiesmunicipalities SET ProvinceCode=COALESCE(@existing_province_code,@bad_province_code), CityMunicipalityName=@target_city_name WHERE CityMunicipalityCode=@city_code; DELETE FROM psgcprovinces WHERE ProvinceCode=@bad_province_code AND @existing_province_code IS NOT NULL AND @existing_province_code<>@bad_province_code AND NOT EXISTS (SELECT 1 FROM psgccitiesmunicipalities WHERE ProvinceCode=@bad_province_code);","SELECT c.CityMunicipalityCode,c.CityMunicipalityName,c.ProvinceCode,p.ProvinceName,COUNT(b.BarangayCode) AS BarangayCount FROM psgccitiesmunicipalities c JOIN psgcprovinces p ON p.ProvinceCode=c.ProvinceCode LEFT JOIN psgcbarangays b ON b.CityMunicipalityCode=c.CityMunicipalityCode WHERE c.CityMunicipalityCode='1380610000' GROUP BY c.CityMunicipalityCode,c.CityMunicipalityName,c.ProvinceCode,p.ProvinceName;"