region,row,parent_asset_tag,accessory_asset_tag,keyword,status,property_number,careof_named,raw_segment
CAR,42,AST-000719,AST-000720,PRINTER,Unserviceable,,,PRINTER-UNSERVICEABLE UPS-2023-05-03-10201SP528-01
CAR,42,AST-000719,AST-000721,UPS,Unverified,2023-05-03-10201SP528-01,,PRINTER-UNSERVICEABLE UPS-2023-05-03-10201SP528-01
CAR,43,AST-000722,AST-000723,PRINTER,Unserviceable,,,PRINTER-UNSERVICEABLE
CAR,45,AST-000725,AST-000726,PRINTER,Unserviceable,,,PRINTER-UNSERVICEABLE
CAR,47,AST-000728,AST-000729,PRINTER,Unserviceable,,,PRINTER-UNSERVICEABLE
CAR,47,AST-000728,AST-000730,UPS,Unserviceable,,,UPS-UNSERVICEABLE
CAR,49,AST-000732,AST-000733,PRINTER,Unserviceable,,,PRINTER-UNSERVICEABLE
CAR,50,AST-000734,AST-000735,PRINTER,Unserviceable,,,PRINTER-UNSERVICEABLE
CAR,50,AST-000734,AST-000736,UPS,Unverified,2023-05-03-10201SP520-01,,UPS-2023-05-03-10201SP520-01
CAR,51,AST-000737,AST-000738,PRINTER,Unserviceable,,,PRINTER-UNSERVICEABLE
CAR,54,AST-000741,AST-000742,PRINTER,Unserviceable,,,PRINTER-UNSERVICEABLE
CAR,55,AST-000743,AST-000744,PRINTER,Unserviceable,,,PRINTER-UNSERVICEABLE
CAR,94,AST-000777,AST-000778,PRINTER,Unverified,2023-05-03-10201SP545-01,,PRINTER-2023-05-03-10201SP545-01
CAR,96,AST-000780,AST-000781,MONITOR,Unserviceable,,,MONITOR-FOR REPAIR
CAR,99,AST-000784,AST-000785,MONITOR,Unverified,,,MONITOR AND UPS - 2023-05-03-10201SP554-01
CAR,99,AST-000784,AST-000786,UPS,Unverified,2023-05-03-10201SP554-01,,MONITOR AND UPS - 2023-05-03-10201SP554-01
CAR,101,AST-000788,AST-000789,PRINTER,Unverified,2023-05-03-10201SP547-01,,PRINTER - 2023-05-03-10201SP547-01
CAR,103,AST-000791,AST-000792,MONITOR,Unverified,2023-05-03-10201SP358-01,,MONITOR - 2023-05-03-10201SP358-01
CAR,104,AST-000793,AST-000794,MONITOR,Unverified,2023-05-03-10201SP359-01,,MONITOR - 2023-05-03-10201SP359-01
CAR,105,AST-000795,AST-000796,MONITOR,Unverified,2023-05-03-10201SP357-01,,MONITOR - 2023-05-03-10201SP357-01
R-I,51,AST-000934,AST-000935,PRINTER,Unverified,,,PRINTER DEFFECTIVE
R-I,97,AST-000981,AST-000982,PRINTER,Unverified,,,PRINTER DEFFECTIVE
R-I,98,AST-000983,AST-000984,UPS,Unverified,,,UPS DEFFECTIVE
R-I,100,AST-000986,AST-000987,MONITOR,Unverified,,,MONITOR DEFFECTIVE
R-I,101,AST-000988,AST-000989,UPS,Unverified,,,UPS DEFFECTIVE
R-I,103,AST-000991,AST-000992,PRINTER,Unverified,,,PRINTER DEFFECTIVE
R-I,104,AST-000993,AST-000994,PRINTER,Unverified,,,PRINTER DEFFECTIVE
R-I,106,AST-000996,AST-000997,PRINTER,Unverified,,,PRINTER DEFFECTIVE
R-I,107,AST-000998,AST-000999,PRINTER,Unverified,,,PRINTER DEFFECTIVE
R-I,113,AST-001005,AST-001006,MONITOR,Unverified,,,MONITOR DEFFECTIVE
R-II,40,AST-001069,AST-001070,UPS,Unverified,,,UNSERVICEABLE UPS
R-II,51,AST-001081,AST-001082,PRINTER,Unverified,,,UNSERVICEABLE PRINTER AND MONITOR
R-II,51,AST-001081,AST-001083,MONITOR,Unverified,,,UNSERVICEABLE PRINTER AND MONITOR
R-II,53,AST-001085,AST-001086,PRINTER,Unverified,,,UNSERVICEABLE PRINTER
R-II,69,AST-001096,AST-001097,UPS,Unverified,,,unserviceable UPS
R-II,71,AST-001099,AST-001100,PRINTER,Unverified,,,unserviceable printer
R-II,77,AST-001106,AST-001107,PRINTER,Unverified,,,unserviceable printer
R-II,78,AST-001108,AST-001109,PRINTER,Unverified,,,unserviceable printer
R-III,53,AST-001254,AST-001255,UPS,Unverified,,,UPS
R-III,58,AST-001260,AST-001261,UPS,Unverified,,,UPS
R-III,98,AST-001301,AST-001302,PRINTER,Unverified,,,Printer User
R-III,101,AST-001305,AST-001306,PRINTER,Unverified,,,Printer user
R-III,103,AST-001308,AST-001309,PRINTER,Unverified,,,Printer User
R-III,104,AST-001310,AST-001311,PRINTER,Unverified,,,Printer User
R-III,105,AST-001312,AST-001313,PRINTER,Unverified,,,Printer User
R-III,107,AST-001315,AST-001316,PRINTER,Unverified,,,Printer User
R-III,109,AST-001318,AST-001319,PRINTER,Unverified,,,Printer User
R-III,111,AST-001321,AST-001322,PRINTER,Unverified,,,Printer User
R-III,112,AST-001323,AST-001324,PRINTER,Unverified,,,Printer User
R-III,113,AST-001325,AST-001326,PRINTER,Unverified,,,Printer User
R-III,114,AST-001327,AST-001328,PRINTER,Unverified,,,Printer User
R-III,138,AST-001342,AST-001343,PRINTER,Unverified,,,Printer
R-III,153,AST-001358,AST-001359,PRINTER,Unverified,,,Printer
R-III,154,AST-001360,AST-001361,PRINTER,Unverified,,,Printer and UPS
R-III,154,AST-001360,AST-001362,UPS,Unverified,,,Printer and UPS
R-III,156,AST-001364,AST-001365,PRINTER,Unverified,,,Printer
R-III,157,AST-001366,AST-001367,UPS,Unverified,,,"CPU, UPS, Printer"
R-III,157,AST-001366,AST-001368,PRINTER,Unverified,,,"CPU, UPS, Printer"
R-III,158,AST-001369,AST-001370,UPS,Unverified,,,UPS
R-III,159,AST-001371,AST-001372,UPS,Unverified,,,UPS
R-III,163,AST-001376,AST-001377,UPS,Unverified,,,UPS
R-III,164,AST-001378,AST-001379,UPS,Unverified,,,UPS
R-III,166,AST-001381,AST-001382,MONITOR,Unverified,,,Monitor
R-III,167,AST-001383,AST-001384,PRINTER,Unverified,,,Printer
R-III,168,AST-001385,AST-001386,PRINTER,Unverified,,,Printer
R-III,169,AST-001387,AST-001388,PRINTER,Unverified,,,Printer
R-IVA,22,AST-001429,AST-001430,PRINTER,Unverified,,,"CANON PRINTER ISSUED TO ATTY. MA. LILIA O. DELA REA, DARAB"
R-IVA,104,AST-001512,AST-001513,PRINTER,Unserviceable,,,HP PRINTER UNSERVICEABLE
R-IVA,109,AST-001518,AST-001519,PRINTER,Unserviceable,,,HP PRINTER UNSERVICEABLE
R-IVB,62,AST-001651,AST-001652,MONITOR,Unserviceable,,,MONITOR UNSERVICEABLE
R-IVB,98,AST-001688,AST-001689,UPS,Unverified,,,UNSERVICEABLE (UPS)
R-IVB,99,AST-001690,AST-001691,UPS,Unverified,,,UNSERVICEABLE (UPS)
R-V,8,AST-001742,AST-001743,MONITOR,Unserviceable,,,Monitor defective
R-V,17,AST-001752,AST-001753,PRINTER,Unserviceable,,,Printer defective
R-V,34,AST-001767,AST-001768,PRINTER,Unserviceable,,,PRINTER FOR REPAIR
R-V,35,AST-001769,AST-001770,UPS,Unserviceable,,,UPS - UNSERVICEABLE
R-V,38,AST-001773,AST-001774,UPS,Unserviceable,,,"UPS - UNSERVICEABLE, PRINTER - FOR REPAIR"
R-V,38,AST-001773,AST-001775,PRINTER,Unserviceable,,,"UPS - UNSERVICEABLE, PRINTER - FOR REPAIR"
R-V,39,AST-001776,AST-001777,PRINTER,Unserviceable,,,PRINTER FOR REPAIR
R-V,43,AST-001781,AST-001782,PRINTER,Unserviceable,,,PRINTER UNSERVICEABLE
R-V,45,AST-001784,AST-001785,UPS,Unserviceable,,,UPS UNSERVICEABLE
R-V,46,AST-001786,AST-001787,UPS,Unserviceable,,,UPS UNSERVICEABLE
R-V,47,AST-001788,AST-001789,PRINTER,Unserviceable,,,PRINTER UNSERVICEABLE
R-V,90,AST-001829,AST-001830,UPS,Unserviceable,,,UPS DEFECTIVE PRINTER UNSERVICEABLE
R-V,90,AST-001829,AST-001831,PRINTER,Unserviceable,,,UPS DEFECTIVE PRINTER UNSERVICEABLE
R-V,93,AST-001834,AST-001835,UPS,Unserviceable,,,UPS UNSERVICEABLE
R-V,101,AST-001843,AST-001844,UPS,Unserviceable,,,UPS UNSERVICEABLE
R-V,120,AST-001857,AST-001858,PRINTER,Unserviceable,,,PRINTER UNSERVICEABLE
R-V,123,AST-001861,AST-001862,UPS,Unserviceable,,,UPS UNSERVICEABLE
R-V,126,AST-001865,AST-001866,PRINTER,Unserviceable,,,PRINTER UNSERVICEABLE
R-V,170,AST-001907,AST-001908,UPS,Unserviceable,,,"UPS - UNSERVICEABLE, PRINTER - FOR REPAIR"
R-V,170,AST-001907,AST-001909,PRINTER,Unserviceable,,,"UPS - UNSERVICEABLE, PRINTER - FOR REPAIR"
R-V,173,AST-001912,AST-001913,PRINTER,Unserviceable,,,PRINTER - UNSERVICEABLE
R-V,177,AST-001917,AST-001918,PRINTER,Unserviceable,,,PRINTER - FOR REPAIR
R-V,181,AST-001922,AST-001923,PRINTER,Unserviceable,,,PRINTER - UNSERVICEABLE
R-V,182,AST-001924,AST-001925,PRINTER,Unserviceable,,,PRINTER - UNSERVICEABLE
R-VII,13,AST-002290,AST-002291,UPS,Unverified,,,UPS and Printer unserviceable
R-VII,13,AST-002290,AST-002292,PRINTER,Unserviceable,,,UPS and Printer unserviceable
R-VII,22,AST-002298,AST-002299,PRINTER,Unserviceable,,,Printer Unserviceable
R-VII,23,AST-002300,AST-002301,PRINTER,Unserviceable,,,Printer Unserviceable
R-VIII,52,AST-002416,AST-002417,PRINTER,Unserviceable,,,printer unserviceable
R-VIII,55,AST-002420,AST-002421,PRINTER,Unserviceable,,,printer unserviceable
R-VIII,65,AST-002431,AST-002432,MONITOR,Unserviceable,,,Monitor for repair
R-VIII,66,AST-002433,AST-002434,PRINTER,Unserviceable,,,printer unserviceable
R-VIII,70,AST-002438,AST-002439,PRINTER,Unserviceable,,,printer unserviceable
R-VIII,71,AST-002440,AST-002441,PRINTER,Unserviceable,,,printer unserviceable
R-VIII,75,AST-002445,AST-002446,PRINTER,Unserviceable,,,printer unserviceable
R-VIII,104,AST-002473,AST-002474,MONITOR,Unserviceable,,,Monitor for repair
R-VIII,149,AST-002513,AST-002514,PRINTER,Unserviceable,,,printer unserviceable
R-VIII,150,AST-002515,AST-002516,PRINTER,Unserviceable,,,printer unserviceable
R-VIII,154,AST-002520,AST-002521,PRINTER,Unserviceable,,,printer unserviceable
R-VIII,162,AST-002529,AST-002530,PRINTER,Unserviceable,,,printer unserviceable
R-IX,5,AST-002595,AST-002596,UPS,Unserviceable,,,ups defective
R-IX,6,AST-002597,AST-002598,UPS,Unserviceable,,,ups defective
R-IX,14,AST-002606,AST-002607,PRINTER,Unserviceable,,,printer defective
R-IX,17,AST-002610,AST-002611,PRINTER,Unverified,,RARAD Pagadian,printer C/O RARAD Pagadian
R-IX,35,AST-002626,AST-002627,MONITOR,Unserviceable,,,MONITOR DEFECTIVE / POWER SUPPLY ISSUE
R-IX,38,AST-002630,AST-002631,MONITOR,Unserviceable,,,MONITOR DEFECTIVE
R-IX,40,AST-002633,AST-002634,PRINTER,Unverified,,,UNSERVICEABLE PRINTER
R-IX,41,AST-002635,AST-002636,PRINTER,Unverified,,,UNSERVICEABLE PRINTER
R-IX,43,AST-002638,AST-002639,UPS,Unserviceable,,,"UPS UNSERVICEABLE UPS, MONITOR C/o Daniel Tauy (STOD)"
R-IX,43,AST-002638,AST-002640,MONITOR,Unverified,,Daniel Tauy,"UPS UNSERVICEABLE UPS, MONITOR C/o Daniel Tauy (STOD)"
R-IX,69,AST-002663,AST-002664,UPS,Unverified,,,UNSERVICEABLE UPS
R-IX,70,AST-002665,AST-002666,UPS,Unverified,,,UNSERVICEABLE UPS
R-IX,72,AST-002668,AST-002669,PRINTER,Unserviceable,,,PRINTER UNSERVICEABLE
R-IX,74,AST-002671,AST-002672,UPS,Unserviceable,,,UPS UNSERVICEABLE
R-IX,75,AST-002673,AST-002674,UPS,Unserviceable,,,UPS UNSERVICEABLE
R-IX,78,AST-002677,AST-002678,UPS,Unserviceable,,,UPS UNSERVICEABLE
R-IX,81,AST-002681,AST-002682,PRINTER,Unverified,,,FOR REPAIR PRINTER
R-IX,84,AST-002685,AST-002686,PRINTER,Unserviceable,,,PRINTER UNSERVICEABLE
R-IX,86,AST-002688,AST-002689,PRINTER,Unverified,,,UNSERVICEABLE PRINTER
R-IX,87,AST-002690,AST-002691,PRINTER,Unverified,,,UNSERVICEABLE PRINTER
R-IX,88,AST-002692,AST-002693,PRINTER,Unverified,,,UNSERVICEABLE PRINTER
R-IX,100,AST-002702,AST-002703,PRINTER,Unverified,,,Printer DARMO
R-IX,101,AST-002704,AST-002705,MONITOR,Unverified,,,(Monitor 1451( (Ups1450)
R-IX,101,AST-002704,AST-002706,UPS,Unverified,,,(Monitor 1451( (Ups1450)
R-IX,102,AST-002707,AST-002708,PRINTER,Unverified,,,"CPU 1443, Printer 1451, UPS 1441"
R-IX,102,AST-002707,AST-002709,UPS,Unverified,,,"CPU 1443, Printer 1451, UPS 1441"
R-IX,105,AST-002712,AST-002713,MONITOR,Unserviceable,,,Monitor unserviceable
R-IX,106,AST-002714,AST-002715,UPS,Unverified,,,UPS 1443
R-IX,107,AST-002716,AST-002717,UPS,Unverified,,,"CPU 1440, UPS 1440, PRINTER DARMO"
R-IX,107,AST-002716,AST-002718,PRINTER,Unverified,,,"CPU 1440, UPS 1440, PRINTER DARMO"
R-IX,110,AST-002721,AST-002722,PRINTER,Unverified,,,"Printer 1449, CPU 1438, UPS 1439"
R-IX,110,AST-002721,AST-002723,UPS,Unverified,,,"Printer 1449, CPU 1438, UPS 1439"
R-IX,111,AST-002724,AST-002725,UPS,Unserviceable,,,UPS Unserviceable
R-IX,112,AST-002726,AST-002727,MONITOR,Unverified,,,"Monitor 1438, UPS 1449"
R-IX,112,AST-002726,AST-002728,UPS,Unverified,,,"Monitor 1438, UPS 1449"
R-IX,114,AST-002730,AST-002731,PRINTER,Unverified,,,Printer 1441
R-IX,115,AST-002732,AST-002733,PRINTER,Unverified,,,Printer 1439
R-IX,117,AST-002735,AST-002736,PRINTER,Unverified,,,Unserviceable Printer
R-XII,85,AST-003181,AST-003182,PRINTER,Unserviceable,,,printer unserviceable
R-XII,87,AST-003184,AST-003185,PRINTER,Unserviceable,,,printer unserviceable
CARAGA,34,AST-003299,AST-003300,UPS,Unserviceable,,,UPS Unserviceable
CARAGA,36,AST-003302,AST-003303,UPS,Unserviceable,,,UPS Unserviceable
CARAGA,38,AST-003305,AST-003306,PRINTER,Unserviceable,,,Printer unserviceable
CARAGA,43,AST-003311,AST-003312,PRINTER,Unserviceable,,,Printer unserviceable
CARAGA,47,AST-003316,AST-003317,PRINTER,Unserviceable,,,Printer unserviceable
CARAGA,48,AST-003318,AST-003319,PRINTER,Unserviceable,,,Printer unserviceable
CARAGA,121,AST-003392,AST-003393,UPS,Unserviceable,,,UPS is unserviceable
CARAGA,123,AST-003395,AST-003396,PRINTER,Unserviceable,,,Printer is unserviceable
CARAGA,128,AST-003401,AST-003402,UPS,Unserviceable,,,UPS is unserviceable
CARAGA,129,AST-003403,AST-003404,UPS,Unverified,,,UPS & Printer are unserviceable
CARAGA,129,AST-003403,AST-003405,PRINTER,Unserviceable,,,UPS & Printer are unserviceable
CARAGA,130,AST-003406,AST-003407,UPS,Unserviceable,,,CPU & UPS are unserviceable
CARAGA,131,AST-003408,AST-003409,UPS,Unserviceable,,,UPS is unserviceable
CARAGA,135,AST-003413,AST-003414,PRINTER,Unserviceable,,,Printer is unserviceable
CARAGA,137,AST-003416,AST-003417,PRINTER,Unserviceable,,,Printer is unserviceable
