category,region,row,reference_type,reference_id,field,original_value,applied_value,note
UNRESOLVED_OWNER,DARCO,232,ASSET,AST-000186,EmployeeID,,PERS-00000,No resolvable owner in source; assigned to migration sentinel personnel record for later reassignment.
UNRESOLVED_OWNER,DARCO,233,ASSET,AST-000187,EmployeeID,,PERS-00000,No resolvable owner in source; assigned to migration sentinel personnel record for later reassignment.
UNRESOLVED_OWNER,DARCO,234,ASSET,AST-000188,EmployeeID,,PERS-00000,No resolvable owner in source; assigned to migration sentinel personnel record for later reassignment.
UNRESOLVED_OWNER,DARCO,235,ASSET,AST-000189,EmployeeID,,PERS-00000,No resolvable owner in source; assigned to migration sentinel personnel record for later reassignment.
UNRESOLVED_OWNER,DARCO,236,ASSET,AST-000190,EmployeeID,,PERS-00000,No resolvable owner in source; assigned to migration sentinel personnel record for later reassignment.
UNRESOLVED_OWNER,DARCO,237,ASSET,AST-000191,EmployeeID,,PERS-00000,No resolvable owner in source; assigned to migration sentinel personnel record for later reassignment.
UNRESOLVED_OWNER,DARCO,238,ASSET,AST-000192,EmployeeID,,PERS-00000,No resolvable owner in source; assigned to migration sentinel personnel record for later reassignment.
UNRESOLVED_OWNER,DARCO,239,ASSET,AST-000193,EmployeeID,,PERS-00000,No resolvable owner in source; assigned to migration sentinel personnel record for later reassignment.
UNRESOLVED_OWNER,DARCO,240,ASSET,AST-000194,EmployeeID,,PERS-00000,No resolvable owner in source; assigned to migration sentinel personnel record for later reassignment.
UNRESOLVED_OWNER,DARCO,241,ASSET,AST-000195,EmployeeID,,PERS-00000,No resolvable owner in source; assigned to migration sentinel personnel record for later reassignment.
UNRESOLVED_OWNER,DARCO,242,ASSET,AST-000196,EmployeeID,,PERS-00000,No resolvable owner in source; assigned to migration sentinel personnel record for later reassignment.
UNRESOLVED_OWNER,DARCO,243,ASSET,AST-000197,EmployeeID,,PERS-00000,No resolvable owner in source; assigned to migration sentinel personnel record for later reassignment.
UNRESOLVED_OWNER,DARCO,244,ASSET,AST-000198,EmployeeID,,PERS-00000,No resolvable owner in source; assigned to migration sentinel personnel record for later reassignment.
UNRESOLVED_OWNER,DARCO,245,ASSET,AST-000199,EmployeeID,,PERS-00000,No resolvable owner in source; assigned to migration sentinel personnel record for later reassignment.
UNRESOLVED_OWNER,DARCO,246,ASSET,AST-000200,EmployeeID,,PERS-00000,No resolvable owner in source; assigned to migration sentinel personnel record for later reassignment.
UNRESOLVED_OWNER,DARCO,260,ASSET,AST-000214,EmployeeID,,PERS-00000,No resolvable owner in source; assigned to migration sentinel personnel record for later reassignment.
UNRESOLVED_OWNER,DARCO,261,ASSET,AST-000215,EmployeeID,,PERS-00000,No resolvable owner in source; assigned to migration sentinel personnel record for later reassignment.
UNRESOLVED_OWNER,DARCO,262,ASSET,AST-000216,EmployeeID,,PERS-00000,No resolvable owner in source; assigned to migration sentinel personnel record for later reassignment.
UNRESOLVED_OWNER,DARCO,263,ASSET,AST-000217,EmployeeID,,PERS-00000,No resolvable owner in source; assigned to migration sentinel personnel record for later reassignment.
UNRESOLVED_OWNER,DARCO,264,ASSET,AST-000218,EmployeeID,,PERS-00000,No resolvable owner in source; assigned to migration sentinel personnel record for later reassignment.
UNRESOLVED_OWNER,DARCO,265,ASSET,AST-000219,EmployeeID,,PERS-00000,No resolvable owner in source; assigned to migration sentinel personnel record for later reassignment.
UNRESOLVED_OWNER,DARCO,266,ASSET,AST-000220,EmployeeID,,PERS-00000,No resolvable owner in source; assigned to migration sentinel personnel record for later reassignment.
UNRESOLVED_OWNER,DARCO,267,ASSET,AST-000221,EmployeeID,,PERS-00000,No resolvable owner in source; assigned to migration sentinel personnel record for later reassignment.
UNRESOLVED_OWNER,DARCO,268,ASSET,AST-000222,EmployeeID,,PERS-00000,No resolvable owner in source; assigned to migration sentinel personnel record for later reassignment.
UNRESOLVED_OWNER,DARCO,269,ASSET,AST-000223,EmployeeID,,PERS-00000,No resolvable owner in source; assigned to migration sentinel personnel record for later reassignment.
UNRESOLVED_OWNER,DARCO,294,ASSET,AST-000248,EmployeeID,,PERS-00000,No resolvable owner in source; assigned to migration sentinel personnel record for later reassignment.
UNRESOLVED_OWNER,DARCO,295,ASSET,AST-000249,EmployeeID,,PERS-00000,No resolvable owner in source; assigned to migration sentinel personnel record for later reassignment.
UNRESOLVED_OWNER,DARCO,307,ASSET,AST-000261,EmployeeID,,PERS-00000,No resolvable owner in source; assigned to migration sentinel personnel record for later reassignment.
UNRESOLVED_OWNER,DARCO,308,ASSET,AST-000262,EmployeeID,,PERS-00000,No resolvable owner in source; assigned to migration sentinel personnel record for later reassignment.
UNRESOLVED_OWNER,DARCO,323,ASSET,AST-000277,EmployeeID,,PERS-00000,No resolvable owner in source; assigned to migration sentinel personnel record for later reassignment.
UNRESOLVED_OWNER,DARCO,324,ASSET,AST-000278,EmployeeID,,PERS-00000,No resolvable owner in source; assigned to migration sentinel personnel record for later reassignment.
UNRESOLVED_OWNER,DARCO,325,ASSET,AST-000279,EmployeeID,,PERS-00000,No resolvable owner in source; assigned to migration sentinel personnel record for later reassignment.
UNRESOLVED_OWNER,DARCO,326,ASSET,AST-000280,EmployeeID,,PERS-00000,No resolvable owner in source; assigned to migration sentinel personnel record for later reassignment.
UNRESOLVED_OWNER,DARCO,327,ASSET,AST-000281,EmployeeID,,PERS-00000,No resolvable owner in source; assigned to migration sentinel personnel record for later reassignment.
UNRESOLVED_OWNER,DARCO,328,ASSET,AST-000282,EmployeeID,,PERS-00000,No resolvable owner in source; assigned to migration sentinel personnel record for later reassignment.
UNRESOLVED_OWNER,DARCO,329,ASSET,AST-000283,EmployeeID,,PERS-00000,No resolvable owner in source; assigned to migration sentinel personnel record for later reassignment.
UNRESOLVED_OWNER,DARCO,330,ASSET,AST-000284,EmployeeID,,PERS-00000,No resolvable owner in source; assigned to migration sentinel personnel record for later reassignment.
UNRESOLVED_OWNER,DARCO,331,ASSET,AST-000285,EmployeeID,,PERS-00000,No resolvable owner in source; assigned to migration sentinel personnel record for later reassignment.
UNRESOLVED_OWNER,DARCO,332,ASSET,AST-000286,EmployeeID,,PERS-00000,No resolvable owner in source; assigned to migration sentinel personnel record for later reassignment.
UNRESOLVED_OWNER,DARCO,333,ASSET,AST-000287,EmployeeID,,PERS-00000,No resolvable owner in source; assigned to migration sentinel personnel record for later reassignment.
UNRESOLVED_OWNER,DARCO,334,ASSET,AST-000288,EmployeeID,,PERS-00000,No resolvable owner in source; assigned to migration sentinel personnel record for later reassignment.
UNRESOLVED_OWNER,DARCO,335,ASSET,AST-000289,EmployeeID,,PERS-00000,No resolvable owner in source; assigned to migration sentinel personnel record for later reassignment.
UNRESOLVED_OWNER,DARCO,336,ASSET,AST-000290,EmployeeID,,PERS-00000,No resolvable owner in source; assigned to migration sentinel personnel record for later reassignment.
UNRESOLVED_OWNER,DARCO,337,ASSET,AST-000291,EmployeeID,,PERS-00000,No resolvable owner in source; assigned to migration sentinel personnel record for later reassignment.
UNRESOLVED_OWNER,DARCO,338,ASSET,AST-000292,EmployeeID,,PERS-00000,No resolvable owner in source; assigned to migration sentinel personnel record for later reassignment.
UNRESOLVED_OWNER,DARCO,339,ASSET,AST-000293,EmployeeID,,PERS-00000,No resolvable owner in source; assigned to migration sentinel personnel record for later reassignment.
UNRESOLVED_OWNER,DARCO,340,ASSET,AST-000294,EmployeeID,,PERS-00000,No resolvable owner in source; assigned to migration sentinel personnel record for later reassignment.
UNRESOLVED_OWNER,DARCO,341,ASSET,AST-000295,EmployeeID,,PERS-00000,No resolvable owner in source; assigned to migration sentinel personnel record for later reassignment.
UNRESOLVED_OWNER,DARCO,342,ASSET,AST-000296,EmployeeID,,PERS-00000,No resolvable owner in source; assigned to migration sentinel personnel record for later reassignment.
UNRESOLVED_OWNER,DARCO,343,ASSET,AST-000297,EmployeeID,,PERS-00000,No resolvable owner in source; assigned to migration sentinel personnel record for later reassignment.
UNRESOLVED_OWNER,DARCO,344,ASSET,AST-000298,EmployeeID,,PERS-00000,No resolvable owner in source; assigned to migration sentinel personnel record for later reassignment.
UNRESOLVED_OWNER,DARCO,345,ASSET,AST-000299,EmployeeID,,PERS-00000,No resolvable owner in source; assigned to migration sentinel personnel record for later reassignment.
UNRESOLVED_OWNER,DARCO,398,ASSET,AST-000352,EmployeeID,,PERS-00000,No resolvable owner in source; assigned to migration sentinel personnel record for later reassignment.
UNRESOLVED_OWNER,DARCO,399,ASSET,AST-000353,EmployeeID,,PERS-00000,No resolvable owner in source; assigned to migration sentinel personnel record for later reassignment.
UNRESOLVED_OWNER,DARCO,400,ASSET,AST-000354,EmployeeID,,PERS-00000,No resolvable owner in source; assigned to migration sentinel personnel record for later reassignment.
UNRESOLVED_OWNER,DARCO,401,ASSET,AST-000355,EmployeeID,,PERS-00000,No resolvable owner in source; assigned to migration sentinel personnel record for later reassignment.
UNRESOLVED_OWNER,DARCO,402,ASSET,AST-000356,EmployeeID,,PERS-00000,No resolvable owner in source; assigned to migration sentinel personnel record for later reassignment.
UNRESOLVED_OWNER,DARCO,403,ASSET,AST-000357,EmployeeID,,PERS-00000,No resolvable owner in source; assigned to migration sentinel personnel record for later reassignment.
UNRESOLVED_OWNER,DARCO,404,ASSET,AST-000358,EmployeeID,,PERS-00000,No resolvable owner in source; assigned to migration sentinel personnel record for later reassignment.
UNRESOLVED_OWNER,DARCO,405,ASSET,AST-000359,EmployeeID,,PERS-00000,No resolvable owner in source; assigned to migration sentinel personnel record for later reassignment.
UNRESOLVED_OWNER,DARCO,406,ASSET,AST-000360,EmployeeID,,PERS-00000,No resolvable owner in source; assigned to migration sentinel personnel record for later reassignment.
UNRESOLVED_OWNER,DARCO,407,ASSET,AST-000361,EmployeeID,,PERS-00000,No resolvable owner in source; assigned to migration sentinel personnel record for later reassignment.
UNRESOLVED_OWNER,DARCO,408,ASSET,AST-000362,EmployeeID,,PERS-00000,No resolvable owner in source; assigned to migration sentinel personnel record for later reassignment.
UNRESOLVED_OWNER,DARCO,409,ASSET,AST-000363,EmployeeID,,PERS-00000,No resolvable owner in source; assigned to migration sentinel personnel record for later reassignment.
UNRESOLVED_OWNER,DARCO,410,ASSET,AST-000364,EmployeeID,,PERS-00000,No resolvable owner in source; assigned to migration sentinel personnel record for later reassignment.
UNRESOLVED_OWNER,DARCO,411,ASSET,AST-000365,EmployeeID,,PERS-00000,No resolvable owner in source; assigned to migration sentinel personnel record for later reassignment.
UNRESOLVED_OWNER,DARCO,412,ASSET,AST-000366,EmployeeID,,PERS-00000,No resolvable owner in source; assigned to migration sentinel personnel record for later reassignment.
UNRESOLVED_OWNER,DARCO,429,ASSET,AST-000383,EmployeeID,,PERS-00000,No resolvable owner in source; assigned to migration sentinel personnel record for later reassignment.
UNRESOLVED_OWNER,DARCO,430,ASSET,AST-000384,EmployeeID,,PERS-00000,No resolvable owner in source; assigned to migration sentinel personnel record for later reassignment.
UNRESOLVED_OWNER,DARCO,431,ASSET,AST-000385,EmployeeID,,PERS-00000,No resolvable owner in source; assigned to migration sentinel personnel record for later reassignment.
UNRESOLVED_OWNER,DARCO,432,ASSET,AST-000386,EmployeeID,,PERS-00000,No resolvable owner in source; assigned to migration sentinel personnel record for later reassignment.
UNRESOLVED_OWNER,DARCO,433,ASSET,AST-000387,EmployeeID,,PERS-00000,No resolvable owner in source; assigned to migration sentinel personnel record for later reassignment.
UNRESOLVED_OWNER,DARCO,434,ASSET,AST-000388,EmployeeID,,PERS-00000,No resolvable owner in source; assigned to migration sentinel personnel record for later reassignment.
UNRESOLVED_OWNER,DARCO,435,ASSET,AST-000389,EmployeeID,,PERS-00000,No resolvable owner in source; assigned to migration sentinel personnel record for later reassignment.
UNRESOLVED_OWNER,DARCO,436,ASSET,AST-000390,EmployeeID,,PERS-00000,No resolvable owner in source; assigned to migration sentinel personnel record for later reassignment.
UNRESOLVED_OWNER,DARCO,437,ASSET,AST-000391,EmployeeID,,PERS-00000,No resolvable owner in source; assigned to migration sentinel personnel record for later reassignment.
UNRESOLVED_OWNER,DARCO,438,ASSET,AST-000392,EmployeeID,,PERS-00000,No resolvable owner in source; assigned to migration sentinel personnel record for later reassignment.
UNRESOLVED_OWNER,DARCO,442,ASSET,AST-000396,EmployeeID,,PERS-00000,No resolvable owner in source; assigned to migration sentinel personnel record for later reassignment.
UNRESOLVED_OWNER,DARCO,443,ASSET,AST-000397,EmployeeID,,PERS-00000,No resolvable owner in source; assigned to migration sentinel personnel record for later reassignment.
UNRESOLVED_OWNER,DARCO,451,ASSET,AST-000405,EmployeeID,,PERS-00000,No resolvable owner in source; assigned to migration sentinel personnel record for later reassignment.
UNRESOLVED_OWNER,DARCO,474,ASSET,AST-000428,EmployeeID,,PERS-00000,No resolvable owner in source; assigned to migration sentinel personnel record for later reassignment.
UNRESOLVED_OWNER,DARCO,475,ASSET,AST-000429,EmployeeID,,PERS-00000,No resolvable owner in source; assigned to migration sentinel personnel record for later reassignment.
UNRESOLVED_OWNER,DARCO,481,ASSET,AST-000435,EmployeeID,,PERS-00000,No resolvable owner in source; assigned to migration sentinel personnel record for later reassignment.
UNRESOLVED_OWNER,DARCO,482,ASSET,AST-000436,EmployeeID,,PERS-00000,No resolvable owner in source; assigned to migration sentinel personnel record for later reassignment.
DUPLICATE_IDENTIFIER,DARCO,696,ASSET,AST-000650,SerialNumber,k24003n0163072,MIGRATION DUPLICATE - 001 - k24003n0163072,SerialNumber duplicated in source data; disambiguated to remain unique.
DUPLICATE_IDENTIFIER,DARCO,697,ASSET,AST-000651,SerialNumber,k24003n0163072,MIGRATION DUPLICATE - 002 - k24003n0163072,SerialNumber duplicated in source data; disambiguated to remain unique.
DUPLICATE_IDENTIFIER,DARCO,703,ASSET,AST-000657,SerialNumber,k24003n0163072,MIGRATION DUPLICATE - 003 - k24003n0163072,SerialNumber duplicated in source data; disambiguated to remain unique.
DUPLICATE_IDENTIFIER,DARCO,704,ASSET,AST-000658,SerialNumber,k24003n0163072,MIGRATION DUPLICATE - 004 - k24003n0163072,SerialNumber duplicated in source data; disambiguated to remain unique.
DUPLICATE_IDENTIFIER,DARCO,705,ASSET,AST-000659,SerialNumber,k24003n0163072,MIGRATION DUPLICATE - 005 - k24003n0163072,SerialNumber duplicated in source data; disambiguated to remain unique.
DUPLICATE_IDENTIFIER,DARCO,706,ASSET,AST-000660,SerialNumber,k24003n0163072,MIGRATION DUPLICATE - 006 - k24003n0163072,SerialNumber duplicated in source data; disambiguated to remain unique.
DUPLICATE_IDENTIFIER,DARCO,707,ASSET,AST-000661,SerialNumber,k24003n0163072,MIGRATION DUPLICATE - 007 - k24003n0163072,SerialNumber duplicated in source data; disambiguated to remain unique.
DUPLICATE_IDENTIFIER,DARCO,709,ASSET,AST-000663,SerialNumber,k24003n0163072,MIGRATION DUPLICATE - 008 - k24003n0163072,SerialNumber duplicated in source data; disambiguated to remain unique.
DUPLICATE_IDENTIFIER,DARCO,712,ASSET,AST-000666,SerialNumber,k24003n0163093,MIGRATION DUPLICATE - 009 - k24003n0163093,SerialNumber duplicated in source data; disambiguated to remain unique.
DUPLICATE_IDENTIFIER,DARCO,714,ASSET,AST-000668,SerialNumber,k24003n0163072,MIGRATION DUPLICATE - 010 - k24003n0163072,SerialNumber duplicated in source data; disambiguated to remain unique.
DUPLICATE_IDENTIFIER,DARCO,716,ASSET,AST-000670,SerialNumber,k24003n0163072,MIGRATION DUPLICATE - 011 - k24003n0163072,SerialNumber duplicated in source data; disambiguated to remain unique.
DUPLICATE_IDENTIFIER,DARCO,718,ASSET,AST-000672,SerialNumber,k24003n0163072,MIGRATION DUPLICATE - 012 - k24003n0163072,SerialNumber duplicated in source data; disambiguated to remain unique.
DUPLICATE_IDENTIFIER,DARCO,720,ASSET,AST-000674,SerialNumber,k24003n0163072,MIGRATION DUPLICATE - 013 - k24003n0163072,SerialNumber duplicated in source data; disambiguated to remain unique.
UNRESOLVED_OWNER,CAR,37,ASSET,AST-000714,EmployeeID,,PERS-00000,No resolvable owner in source; assigned to migration sentinel personnel record for later reassignment.
UNRESOLVED_OWNER,CAR,38,ASSET,AST-000715,EmployeeID,,PERS-00000,No resolvable owner in source; assigned to migration sentinel personnel record for later reassignment.
UNRESOLVED_OWNER,CAR,40,ASSET,AST-000717,EmployeeID,,PERS-00000,No resolvable owner in source; assigned to migration sentinel personnel record for later reassignment.
UNRESOLVED_OWNER,CAR,42,ASSET,AST-000719,EmployeeID,,PERS-00000,No resolvable owner in source; assigned to migration sentinel personnel record for later reassignment.
UNRESOLVED_OWNER,CAR,43,ASSET,AST-000722,EmployeeID,,PERS-00000,No resolvable owner in source; assigned to migration sentinel personnel record for later reassignment.
UNRESOLVED_OWNER,CAR,46,ASSET,AST-000727,EmployeeID,,PERS-00000,No resolvable owner in source; assigned to migration sentinel personnel record for later reassignment.
UNRESOLVED_OWNER,CAR,47,ASSET,AST-000728,EmployeeID,,PERS-00000,No resolvable owner in source; assigned to migration sentinel personnel record for later reassignment.
DUPLICATE_IDENTIFIER,R-II,19,ASSET,AST-001052,SerialNumber,0,MIGRATION DUPLICATE - 014 - 0,SerialNumber duplicated in source data; disambiguated to remain unique.
DUPLICATE_IDENTIFIER,R-II,20,ASSET,AST-001053,SerialNumber,0,MIGRATION DUPLICATE - 015 - 0,SerialNumber duplicated in source data; disambiguated to remain unique.
DUPLICATE_IDENTIFIER,R-II,21,ASSET,AST-001054,SerialNumber,0,MIGRATION DUPLICATE - 016 - 0,SerialNumber duplicated in source data; disambiguated to remain unique.
DUPLICATE_IDENTIFIER,R-II,22,ASSET,AST-001055,SerialNumber,0,MIGRATION DUPLICATE - 017 - 0,SerialNumber duplicated in source data; disambiguated to remain unique.
DUPLICATE_IDENTIFIER,R-II,23,ASSET,AST-001056,SerialNumber,0,MIGRATION DUPLICATE - 018 - 0,SerialNumber duplicated in source data; disambiguated to remain unique.
DUPLICATE_IDENTIFIER,R-II,24,ASSET,AST-001057,SerialNumber,0,MIGRATION DUPLICATE - 019 - 0,SerialNumber duplicated in source data; disambiguated to remain unique.
DUPLICATE_IDENTIFIER,R-II,25,ASSET,AST-001058,SerialNumber,0,MIGRATION DUPLICATE - 020 - 0,SerialNumber duplicated in source data; disambiguated to remain unique.
DUPLICATE_IDENTIFIER,R-II,26,ASSET,AST-001059,SerialNumber,0,MIGRATION DUPLICATE - 021 - 0,SerialNumber duplicated in source data; disambiguated to remain unique.
DUPLICATE_IDENTIFIER,R-II,27,ASSET,AST-001060,SerialNumber,0,MIGRATION DUPLICATE - 022 - 0,SerialNumber duplicated in source data; disambiguated to remain unique.
DUPLICATE_IDENTIFIER,R-II,28,ASSET,AST-001061,SerialNumber,0,MIGRATION DUPLICATE - 023 - 0,SerialNumber duplicated in source data; disambiguated to remain unique.
DUPLICATE_IDENTIFIER,R-II,30,SURVEYASSET,SRV-00042,SerialNumber,0,MIGRATION DUPLICATE - 001 - 0,SerialNumber duplicated in source data; disambiguated to remain unique.
DUPLICATE_IDENTIFIER,R-II,31,SURVEYASSET,SRV-00043,SerialNumber,0,MIGRATION DUPLICATE - 002 - 0,SerialNumber duplicated in source data; disambiguated to remain unique.
DUPLICATE_IDENTIFIER,R-II,32,SURVEYASSET,SRV-00044,SerialNumber,0,MIGRATION DUPLICATE - 003 - 0,SerialNumber duplicated in source data; disambiguated to remain unique.
DUPLICATE_IDENTIFIER,R-II,33,ASSET,AST-001062,SerialNumber,0,MIGRATION DUPLICATE - 024 - 0,SerialNumber duplicated in source data; disambiguated to remain unique.
DUPLICATE_IDENTIFIER,R-II,43,ASSET,AST-001073,SerialNumber,0,MIGRATION DUPLICATE - 025 - 0,SerialNumber duplicated in source data; disambiguated to remain unique.
DUPLICATE_IDENTIFIER,R-II,50,ASSET,AST-001080,SerialNumber,0,MIGRATION DUPLICATE - 026 - 0,SerialNumber duplicated in source data; disambiguated to remain unique.
DUPLICATE_IDENTIFIER,R-II,52,ASSET,AST-001084,SerialNumber,0,MIGRATION DUPLICATE - 027 - 0,SerialNumber duplicated in source data; disambiguated to remain unique.
DUPLICATE_IDENTIFIER,R-II,53,ASSET,AST-001085,SerialNumber,0,MIGRATION DUPLICATE - 028 - 0,SerialNumber duplicated in source data; disambiguated to remain unique.
DUPLICATE_IDENTIFIER,R-II,54,ASSET,AST-001087,SerialNumber,0,MIGRATION DUPLICATE - 029 - 0,SerialNumber duplicated in source data; disambiguated to remain unique.
DUPLICATE_IDENTIFIER,R-II,55,ASSET,AST-001088,SerialNumber,0,MIGRATION DUPLICATE - 030 - 0,SerialNumber duplicated in source data; disambiguated to remain unique.
DUPLICATE_IDENTIFIER,R-II,56,ASSET,AST-001089,SerialNumber,0,MIGRATION DUPLICATE - 031 - 0,SerialNumber duplicated in source data; disambiguated to remain unique.
DUPLICATE_IDENTIFIER,R-II,58,SURVEYASSET,SRV-00045,SerialNumber,0,MIGRATION DUPLICATE - 004 - 0,SerialNumber duplicated in source data; disambiguated to remain unique.
DUPLICATE_IDENTIFIER,R-II,59,SURVEYASSET,SRV-00046,SerialNumber,0,MIGRATION DUPLICATE - 005 - 0,SerialNumber duplicated in source data; disambiguated to remain unique.
DUPLICATE_IDENTIFIER,R-II,60,SURVEYASSET,SRV-00047,SerialNumber,0,MIGRATION DUPLICATE - 006 - 0,SerialNumber duplicated in source data; disambiguated to remain unique.
DUPLICATE_IDENTIFIER,R-II,61,ASSET,AST-001091,SerialNumber,0,MIGRATION DUPLICATE - 032 - 0,SerialNumber duplicated in source data; disambiguated to remain unique.
DUPLICATE_IDENTIFIER,R-II,63,SURVEYASSET,SRV-00048,SerialNumber,0,MIGRATION DUPLICATE - 007 - 0,SerialNumber duplicated in source data; disambiguated to remain unique.
DUPLICATE_IDENTIFIER,R-II,64,SURVEYASSET,SRV-00049,SerialNumber,0,MIGRATION DUPLICATE - 008 - 0,SerialNumber duplicated in source data; disambiguated to remain unique.
DUPLICATE_IDENTIFIER,R-II,65,SURVEYASSET,SRV-00050,SerialNumber,0,MIGRATION DUPLICATE - 009 - 0,SerialNumber duplicated in source data; disambiguated to remain unique.
DUPLICATE_IDENTIFIER,R-II,77,ASSET,AST-001106,SerialNumber,0,MIGRATION DUPLICATE - 033 - 0,SerialNumber duplicated in source data; disambiguated to remain unique.
DUPLICATE_IDENTIFIER,R-II,80,ASSET,AST-001111,SerialNumber,0,MIGRATION DUPLICATE - 034 - 0,SerialNumber duplicated in source data; disambiguated to remain unique.
DUPLICATE_IDENTIFIER,R-II,81,ASSET,AST-001112,SerialNumber,0,MIGRATION DUPLICATE - 035 - 0,SerialNumber duplicated in source data; disambiguated to remain unique.
DUPLICATE_IDENTIFIER,R-II,82,ASSET,AST-001113,SerialNumber,0,MIGRATION DUPLICATE - 036 - 0,SerialNumber duplicated in source data; disambiguated to remain unique.
DUPLICATE_IDENTIFIER,R-II,83,ASSET,AST-001114,SerialNumber,0,MIGRATION DUPLICATE - 037 - 0,SerialNumber duplicated in source data; disambiguated to remain unique.
DUPLICATE_IDENTIFIER,R-II,84,ASSET,AST-001115,SerialNumber,0,MIGRATION DUPLICATE - 038 - 0,SerialNumber duplicated in source data; disambiguated to remain unique.
DUPLICATE_IDENTIFIER,R-II,85,ASSET,AST-001116,SerialNumber,0,MIGRATION DUPLICATE - 039 - 0,SerialNumber duplicated in source data; disambiguated to remain unique.
DUPLICATE_IDENTIFIER,R-II,86,ASSET,AST-001117,SerialNumber,0,MIGRATION DUPLICATE - 040 - 0,SerialNumber duplicated in source data; disambiguated to remain unique.
DUPLICATE_IDENTIFIER,R-II,94,ASSET,AST-001125,SerialNumber,0,MIGRATION DUPLICATE - 041 - 0,SerialNumber duplicated in source data; disambiguated to remain unique.
DUPLICATE_IDENTIFIER,R-II,96,ASSET,AST-001127,SerialNumber,0,MIGRATION DUPLICATE - 042 - 0,SerialNumber duplicated in source data; disambiguated to remain unique.
DUPLICATE_IDENTIFIER,R-II,100,ASSET,AST-001131,SerialNumber,0,MIGRATION DUPLICATE - 043 - 0,SerialNumber duplicated in source data; disambiguated to remain unique.
DUPLICATE_IDENTIFIER,R-II,103,ASSET,AST-001134,SerialNumber,0,MIGRATION DUPLICATE - 044 - 0,SerialNumber duplicated in source data; disambiguated to remain unique.
DUPLICATE_IDENTIFIER,R-II,105,ASSET,AST-001136,SerialNumber,0,MIGRATION DUPLICATE - 045 - 0,SerialNumber duplicated in source data; disambiguated to remain unique.
DUPLICATE_IDENTIFIER,R-II,108,ASSET,AST-001139,SerialNumber,0,MIGRATION DUPLICATE - 046 - 0,SerialNumber duplicated in source data; disambiguated to remain unique.
DUPLICATE_IDENTIFIER,R-II,112,ASSET,AST-001143,SerialNumber,0,MIGRATION DUPLICATE - 047 - 0,SerialNumber duplicated in source data; disambiguated to remain unique.
DUPLICATE_IDENTIFIER,R-II,116,ASSET,AST-001147,SerialNumber,0,MIGRATION DUPLICATE - 048 - 0,SerialNumber duplicated in source data; disambiguated to remain unique.
DUPLICATE_IDENTIFIER,R-II,119,ASSET,AST-001150,SerialNumber,0,MIGRATION DUPLICATE - 049 - 0,SerialNumber duplicated in source data; disambiguated to remain unique.
DUPLICATE_IDENTIFIER,R-II,120,ASSET,AST-001151,SerialNumber,0,MIGRATION DUPLICATE - 050 - 0,SerialNumber duplicated in source data; disambiguated to remain unique.
DUPLICATE_IDENTIFIER,R-II,121,ASSET,AST-001152,SerialNumber,0,MIGRATION DUPLICATE - 051 - 0,SerialNumber duplicated in source data; disambiguated to remain unique.
DUPLICATE_IDENTIFIER,R-II,123,SURVEYASSET,SRV-00051,SerialNumber,0,MIGRATION DUPLICATE - 010 - 0,SerialNumber duplicated in source data; disambiguated to remain unique.
DUPLICATE_IDENTIFIER,R-II,124,SURVEYASSET,SRV-00052,SerialNumber,0,MIGRATION DUPLICATE - 011 - 0,SerialNumber duplicated in source data; disambiguated to remain unique.
DUPLICATE_IDENTIFIER,R-II,125,SURVEYASSET,SRV-00053,SerialNumber,0,MIGRATION DUPLICATE - 012 - 0,SerialNumber duplicated in source data; disambiguated to remain unique.
DUPLICATE_IDENTIFIER,R-II,126,SURVEYASSET,SRV-00054,SerialNumber,0,MIGRATION DUPLICATE - 013 - 0,SerialNumber duplicated in source data; disambiguated to remain unique.
DUPLICATE_IDENTIFIER,R-II,127,SURVEYASSET,SRV-00055,SerialNumber,0,MIGRATION DUPLICATE - 014 - 0,SerialNumber duplicated in source data; disambiguated to remain unique.
DUPLICATE_IDENTIFIER,R-II,128,ASSET,AST-001154,SerialNumber,0,MIGRATION DUPLICATE - 052 - 0,SerialNumber duplicated in source data; disambiguated to remain unique.
DUPLICATE_IDENTIFIER,R-II,132,ASSET,AST-001158,SerialNumber,0,MIGRATION DUPLICATE - 053 - 0,SerialNumber duplicated in source data; disambiguated to remain unique.
DUPLICATE_IDENTIFIER,R-II,133,ASSET,AST-001159,SerialNumber,0,MIGRATION DUPLICATE - 054 - 0,SerialNumber duplicated in source data; disambiguated to remain unique.
DUPLICATE_IDENTIFIER,R-II,136,ASSET,AST-001162,SerialNumber,0,MIGRATION DUPLICATE - 055 - 0,SerialNumber duplicated in source data; disambiguated to remain unique.
DUPLICATE_IDENTIFIER,R-II,138,ASSET,AST-001164,SerialNumber,0,MIGRATION DUPLICATE - 056 - 0,SerialNumber duplicated in source data; disambiguated to remain unique.
DUPLICATE_IDENTIFIER,R-II,142,ASSET,AST-001168,SerialNumber,0,MIGRATION DUPLICATE - 057 - 0,SerialNumber duplicated in source data; disambiguated to remain unique.
DUPLICATE_IDENTIFIER,R-II,143,ASSET,AST-001169,SerialNumber,0,MIGRATION DUPLICATE - 058 - 0,SerialNumber duplicated in source data; disambiguated to remain unique.
DUPLICATE_IDENTIFIER,R-II,144,ASSET,AST-001170,SerialNumber,0,MIGRATION DUPLICATE - 059 - 0,SerialNumber duplicated in source data; disambiguated to remain unique.
DUPLICATE_IDENTIFIER,R-II,145,ASSET,AST-001171,SerialNumber,0,MIGRATION DUPLICATE - 060 - 0,SerialNumber duplicated in source data; disambiguated to remain unique.
DUPLICATE_IDENTIFIER,R-II,146,ASSET,AST-001172,SerialNumber,0,MIGRATION DUPLICATE - 061 - 0,SerialNumber duplicated in source data; disambiguated to remain unique.
DUPLICATE_IDENTIFIER,R-II,147,ASSET,AST-001173,SerialNumber,0,MIGRATION DUPLICATE - 062 - 0,SerialNumber duplicated in source data; disambiguated to remain unique.
DUPLICATE_IDENTIFIER,R-II,148,ASSET,AST-001174,SerialNumber,0,MIGRATION DUPLICATE - 063 - 0,SerialNumber duplicated in source data; disambiguated to remain unique.
DUPLICATE_IDENTIFIER,R-II,149,ASSET,AST-001175,SerialNumber,0,MIGRATION DUPLICATE - 064 - 0,SerialNumber duplicated in source data; disambiguated to remain unique.
DUPLICATE_IDENTIFIER,R-II,150,ASSET,AST-001176,SerialNumber,0,MIGRATION DUPLICATE - 065 - 0,SerialNumber duplicated in source data; disambiguated to remain unique.
DUPLICATE_IDENTIFIER,R-II,151,ASSET,AST-001177,SerialNumber,0,MIGRATION DUPLICATE - 066 - 0,SerialNumber duplicated in source data; disambiguated to remain unique.
DUPLICATE_IDENTIFIER,R-II,152,SURVEYASSET,SRV-00056,SerialNumber,0,MIGRATION DUPLICATE - 015 - 0,SerialNumber duplicated in source data; disambiguated to remain unique.
DUPLICATE_IDENTIFIER,R-II,153,SURVEYASSET,SRV-00057,SerialNumber,0,MIGRATION DUPLICATE - 016 - 0,SerialNumber duplicated in source data; disambiguated to remain unique.
DUPLICATE_IDENTIFIER,R-II,154,SURVEYASSET,SRV-00058,SerialNumber,0,MIGRATION DUPLICATE - 017 - 0,SerialNumber duplicated in source data; disambiguated to remain unique.
DUPLICATE_IDENTIFIER,R-II,156,ASSET,AST-001179,SerialNumber,0,MIGRATION DUPLICATE - 067 - 0,SerialNumber duplicated in source data; disambiguated to remain unique.
DUPLICATE_IDENTIFIER,R-II,157,ASSET,AST-001180,SerialNumber,0,MIGRATION DUPLICATE - 068 - 0,SerialNumber duplicated in source data; disambiguated to remain unique.
DUPLICATE_IDENTIFIER,R-II,163,ASSET,AST-001186,SerialNumber,MSBOA7O450103644,MIGRATION DUPLICATE - 069 - MSBOA7O450103644,SerialNumber duplicated in source data; disambiguated to remain unique.
UNRESOLVED_OWNER,R-II,242,FLEETVEHICLE,174,EmployeeID,,PERS-00000,No resolvable owner in source; assigned to migration sentinel personnel record for later reassignment.
UNRESOLVED_OWNER,R-II,243,FLEETVEHICLE,175,EmployeeID,,PERS-00000,No resolvable owner in source; assigned to migration sentinel personnel record for later reassignment.
DUPLICATE_IDENTIFIER,R-III,92,ASSET,AST-001295,SerialNumber,4CE301DH32,MIGRATION DUPLICATE - 070 - 4CE301DH32,SerialNumber duplicated in source data; disambiguated to remain unique.
DUPLICATE_IDENTIFIER,R-IVA,56,ASSET,AST-001464,SerialNumber,1S11T5S16200GM0415Y3,MIGRATION DUPLICATE - 071 - 1S11T5S16200GM0415Y3,SerialNumber duplicated in source data; disambiguated to remain unique.
DUPLICATE_IDENTIFIER,R-V,170,ASSET,AST-001907,SerialNumber,1562AFKAR2WWVA985GA,MIGRATION DUPLICATE - 072 - 1562AFKAR2WWVA985GA,SerialNumber duplicated in source data; disambiguated to remain unique.
DUPLICATE_IDENTIFIER,R-V,188,ASSET,AST-001931,SerialNumber,NXEGZSP00330801C953400,MIGRATION DUPLICATE - 073 - NXEGZSP00330801C953400,SerialNumber duplicated in source data; disambiguated to remain unique.
DUPLICATE_IDENTIFIER,R-V,217,ASSET,AST-001957,SerialNumber,NXEGZSP00330801AAB3400,MIGRATION DUPLICATE - 074 - NXEGZSP00330801AAB3400,SerialNumber duplicated in source data; disambiguated to remain unique.
DUPLICATE_IDENTIFIER,R-V,221,ASSET,AST-001961,SerialNumber,NXEGZSP00330801E6A3400,MIGRATION DUPLICATE - 075 - NXEGZSP00330801E6A3400,SerialNumber duplicated in source data; disambiguated to remain unique.
DUPLICATE_IDENTIFIER,R-V,222,ASSET,AST-001962,SerialNumber,SN-NXEGZSP00330801BCE3400,MIGRATION DUPLICATE - 076 - SN-NXEGZSP00330801BCE3400,SerialNumber duplicated in source data; disambiguated to remain unique.
DUPLICATE_IDENTIFIER,R-V,242,SURVEYASSET,SRV-00104,SerialNumber,SN-Z6OST272200435,MIGRATION DUPLICATE - 018 - SN-Z6OST272200435,SerialNumber duplicated in source data; disambiguated to remain unique.
DUPLICATE_IDENTIFIER,R-V,315,FLEETVEHICLE,350,PlateNumber,749 SNE,MIGRATION DUPLICATE - 001 - 749 SNE,PlateNumber duplicated in source data; disambiguated to remain unique.
DUPLICATE_IDENTIFIER,R-VI,201,FLEETVEHICLE,370,PlateNumber,Y3-B065/SNC 1052/NFX 1661,MIGRATION DUPLICATE - 002 - Y3-B065/SNC 1052/NFX 1661,PlateNumber duplicated in source data; disambiguated to remain unique.
UNRESOLVED_OWNER,R-VI,201,FLEETVEHICLE,370,EmployeeID,,PERS-00000,No resolvable owner in source; assigned to migration sentinel personnel record for later reassignment.
DUPLICATE_IDENTIFIER,NIR,25,ASSET,AST-002201,SerialNumber,4CE301DH65,MIGRATION DUPLICATE - 077 - 4CE301DH65,SerialNumber duplicated in source data; disambiguated to remain unique.
OVERSIZED_VALUE,NIR,93,ASSET,AST-002263,SerialNumber,CPU: 4CE301DH6D Keyboard:CT:BKSZU0BUEHD0Y2 Mouse: 9CP25123VX Monitor: CNC249167K UPS: 320225BN30000946 Printer: CN2BT2M0K3,CPU: 4CE301DH6D Keyboard:CT:BKSZU0BUEHD0Y2 Mouse: 9CP25123VX Monitor: CNC249167K UPS: 320225BN300009,"SerialNumber was 122 chars, exceeding the column's 100-char limit; truncated for storage."
OVERSIZED_VALUE,NIR,94,ASSET,AST-002264,SerialNumber,CPU: 4CE301DSHG Keyboard:9CP249QB2V Mouse: 9CP251372J Monitor: CNC2471FLM UPS: 320225BO30000606 Printer: CN2BT2M0H9,CPU: 4CE301DSHG Keyboard:9CP249QB2V Mouse: 9CP251372J Monitor: CNC2471FLM UPS: 320225BO30000606 Prin,"SerialNumber was 115 chars, exceeding the column's 100-char limit; truncated for storage."
OVERSIZED_VALUE,NIR,95,ASSET,AST-002265,SerialNumber,CPU: 4CE301DSPG Keyboard:9CP249Q9Y4 Mouse: 9CP25134MG Monitor: CNC2471FLJ UPS: 320225BN30000941 Printer: CN2BT2M1D5,CPU: 4CE301DSPG Keyboard:9CP249Q9Y4 Mouse: 9CP25134MG Monitor: CNC2471FLJ UPS: 320225BN30000941 Prin,"SerialNumber was 115 chars, exceeding the column's 100-char limit; truncated for storage."
OVERSIZED_VALUE,NIR,96,ASSET,AST-002266,SerialNumber,CPU: 4CE301DSS4 Keyboard:9CP249QB4H Mouse: 9CP251375R Monitor: CNC2471FLG UPS: 320225BN30000440 Printer: CN2BT2M1G6,CPU: 4CE301DSS4 Keyboard:9CP249QB4H Mouse: 9CP251375R Monitor: CNC2471FLG UPS: 320225BN30000440 Prin,"SerialNumber was 115 chars, exceeding the column's 100-char limit; truncated for storage."
OVERSIZED_VALUE,NIR,97,ASSET,AST-002267,SerialNumber,CPU: 4CE301DSQ6 Keyboard:9CP249Q9ZW Mouse: 9CP251375X Monitor : CNC2471FLW UPS: 320225BO30000684 Printer: CN2BT2M1D3,CPU: 4CE301DSQ6 Keyboard:9CP249Q9ZW Mouse: 9CP251375X Monitor : CNC2471FLW UPS: 320225BO30000684 Pri,"SerialNumber was 116 chars, exceeding the column's 100-char limit; truncated for storage."
DUPLICATE_IDENTIFIER,R-VII,100,FLEETVEHICLE,514,PlateNumber,SNC 1306,MIGRATION DUPLICATE - 003 - SNC 1306,PlateNumber duplicated in source data; disambiguated to remain unique.
DUPLICATE_IDENTIFIER,R-VIII,364,FLEETVEHICLE,661,PlateNumber,Y3-B075/SNC 1049/NFX 1710,MIGRATION DUPLICATE - 004 - Y3-B075/SNC 1049/NFX 1710,PlateNumber duplicated in source data; disambiguated to remain unique.
UNRESOLVED_OWNER,R-VIII,364,FLEETVEHICLE,661,EmployeeID,,PERS-00000,No resolvable owner in source; assigned to migration sentinel personnel record for later reassignment.
DUPLICATE_IDENTIFIER,R-IX,47,ASSET,AST-002644,SerialNumber,VNA99R7H; KNUJ20020; EL4322C01306; GM041ASZ,MIGRATION DUPLICATE - 078 - VNA99R7H; KNUJ20020; EL4322C01306; GM041ASZ,SerialNumber duplicated in source data; disambiguated to remain unique.
DUPLICATE_IDENTIFIER,R-X,203,FLEETVEHICLE,761,PlateNumber,SNC 1132,MIGRATION DUPLICATE - 005 - SNC 1132,PlateNumber duplicated in source data; disambiguated to remain unique.
DUPLICATE_IDENTIFIER,R-XI,66,ASSET,AST-002973,SerialNumber,1S11T5S16200GM0418LJ,MIGRATION DUPLICATE - 079 - 1S11T5S16200GM0418LJ,SerialNumber duplicated in source data; disambiguated to remain unique.
DUPLICATE_IDENTIFIER,R-XI,110,ASSET,AST-003017,SerialNumber,1S11T5S16200GM041B5A,MIGRATION DUPLICATE - 080 - 1S11T5S16200GM041B5A,SerialNumber duplicated in source data; disambiguated to remain unique.
UNRESOLVED_OWNER,R-XI,241,FLEETVEHICLE,856,EmployeeID,,PERS-00000,No resolvable owner in source; assigned to migration sentinel personnel record for later reassignment.
DUPLICATE_IDENTIFIER,R-XII,4,ASSET,AST-003100,SerialNumber,RNK2700202,MIGRATION DUPLICATE - 081 - RNK2700202,SerialNumber duplicated in source data; disambiguated to remain unique.
DUPLICATE_IDENTIFIER,R-XII,25,ASSET,AST-003121,SerialNumber,1S11T5S16200GM041B08,MIGRATION DUPLICATE - 082 - 1S11T5S16200GM041B08,SerialNumber duplicated in source data; disambiguated to remain unique.
DUPLICATE_IDENTIFIER,R-XII,90,ASSET,AST-003188,SerialNumber,1S11T5S16200GM0418HZ,MIGRATION DUPLICATE - 083 - 1S11T5S16200GM0418HZ,SerialNumber duplicated in source data; disambiguated to remain unique.
DUPLICATE_IDENTIFIER,R-XII,110,ASSET,AST-003208,SerialNumber,4CE301DSN1,MIGRATION DUPLICATE - 084 - 4CE301DSN1,SerialNumber duplicated in source data; disambiguated to remain unique.
DUPLICATE_IDENTIFIER,R-XII,117,ASSET,AST-003215,SerialNumber,4CE301DH6T,MIGRATION DUPLICATE - 085 - 4CE301DH6T,SerialNumber duplicated in source data; disambiguated to remain unique.
DUPLICATE_IDENTIFIER,R-XII,120,ASSET,AST-003218,SerialNumber,4CE301DH8T,MIGRATION DUPLICATE - 086 - 4CE301DH8T,SerialNumber duplicated in source data; disambiguated to remain unique.
DUPLICATE_IDENTIFIER,R-XII,272,FLEETVEHICLE,960,PlateNumber,SNC 1202,MIGRATION DUPLICATE - 006 - SNC 1202,PlateNumber duplicated in source data; disambiguated to remain unique.
UNRESOLVED_OWNER,R-XII,274,FLEETVEHICLE,962,EmployeeID,,PERS-00000,No resolvable owner in source; assigned to migration sentinel personnel record for later reassignment.
DUPLICATE_IDENTIFIER,CARAGA,55,ASSET,AST-003326,SerialNumber,SN: 1S11T5S16200GM041AW8,MIGRATION DUPLICATE - 087 - SN: 1S11T5S16200GM041AW8,SerialNumber duplicated in source data; disambiguated to remain unique.
DUPLICATE_IDENTIFIER,CARAGA,85,ASSET,AST-003356,SerialNumber,SN: 1S11T5S16200GM0418I2,MIGRATION DUPLICATE - 088 - SN: 1S11T5S16200GM0418I2,SerialNumber duplicated in source data; disambiguated to remain unique.
DUPLICATE_IDENTIFIER,CARAGA,159,ASSET,AST-003427,SerialNumber,MSB0A7O4S0103891,MIGRATION DUPLICATE - 089 - MSB0A7O4S0103891,SerialNumber duplicated in source data; disambiguated to remain unique.
DUPLICATE_IDENTIFIER,CARAGA,160,ASSET,AST-003428,SerialNumber,MSB0A7O4S0103867,MIGRATION DUPLICATE - 090 - MSB0A7O4S0103867,SerialNumber duplicated in source data; disambiguated to remain unique.
UNRESOLVED_OWNER,CARAGA,241,FLEETVEHICLE,1032,EmployeeID,,PERS-00000,No resolvable owner in source; assigned to migration sentinel personnel record for later reassignment.
DUPLICATE_IDENTIFIER,DENR,20,ASSET,AST-003457,SerialNumber,k24003n0163072,MIGRATION DUPLICATE - 091 - k24003n0163072,SerialNumber duplicated in source data; disambiguated to remain unique.
DUPLICATE_IDENTIFIER,DENR,21,ASSET,AST-003458,SerialNumber,k24003n0163072,MIGRATION DUPLICATE - 092 - k24003n0163072,SerialNumber duplicated in source data; disambiguated to remain unique.
DUPLICATE_IDENTIFIER,DENR,22,ASSET,AST-003459,SerialNumber,k24003n0163072,MIGRATION DUPLICATE - 093 - k24003n0163072,SerialNumber duplicated in source data; disambiguated to remain unique.
DUPLICATE_IDENTIFIER,DENR,23,ASSET,AST-003460,SerialNumber,k24003n0163072,MIGRATION DUPLICATE - 094 - k24003n0163072,SerialNumber duplicated in source data; disambiguated to remain unique.
DUPLICATE_IDENTIFIER,DENR,24,ASSET,AST-003461,SerialNumber,k24003n0163072,MIGRATION DUPLICATE - 095 - k24003n0163072,SerialNumber duplicated in source data; disambiguated to remain unique.
DUPLICATE_IDENTIFIER,DENR,25,ASSET,AST-003462,SerialNumber,k24003n0163072,MIGRATION DUPLICATE - 096 - k24003n0163072,SerialNumber duplicated in source data; disambiguated to remain unique.
DUPLICATE_IDENTIFIER,DENR,26,ASSET,AST-003463,SerialNumber,k24003n0163072,MIGRATION DUPLICATE - 097 - k24003n0163072,SerialNumber duplicated in source data; disambiguated to remain unique.
DUPLICATE_IDENTIFIER,DENR,27,ASSET,AST-003464,SerialNumber,k24003n0163072,MIGRATION DUPLICATE - 098 - k24003n0163072,SerialNumber duplicated in source data; disambiguated to remain unique.
DUPLICATE_IDENTIFIER,DENR,28,ASSET,AST-003465,SerialNumber,k24003n0163072,MIGRATION DUPLICATE - 099 - k24003n0163072,SerialNumber duplicated in source data; disambiguated to remain unique.
DUPLICATE_IDENTIFIER,DENR,29,ASSET,AST-003466,SerialNumber,k24003n0163072,MIGRATION DUPLICATE - 100 - k24003n0163072,SerialNumber duplicated in source data; disambiguated to remain unique.
DUPLICATE_IDENTIFIER,DENR,30,ASSET,AST-003467,SerialNumber,k24003n0163072,MIGRATION DUPLICATE - 101 - k24003n0163072,SerialNumber duplicated in source data; disambiguated to remain unique.
DUPLICATE_IDENTIFIER,DENR,31,ASSET,AST-003468,SerialNumber,k24003n0163072,MIGRATION DUPLICATE - 102 - k24003n0163072,SerialNumber duplicated in source data; disambiguated to remain unique.
DUPLICATE_IDENTIFIER,DENR,32,ASSET,AST-003469,SerialNumber,k24003n0163072,MIGRATION DUPLICATE - 103 - k24003n0163072,SerialNumber duplicated in source data; disambiguated to remain unique.
DUPLICATE_IDENTIFIER,DENR,33,ASSET,AST-003470,SerialNumber,k24003n0163072,MIGRATION DUPLICATE - 104 - k24003n0163072,SerialNumber duplicated in source data; disambiguated to remain unique.
DUPLICATE_IDENTIFIER,DENR,34,ASSET,AST-003471,SerialNumber,k24003n0163072,MIGRATION DUPLICATE - 105 - k24003n0163072,SerialNumber duplicated in source data; disambiguated to remain unique.
DUPLICATE_IDENTIFIER,DENR,35,ASSET,AST-003472,SerialNumber,k24003n0163072,MIGRATION DUPLICATE - 106 - k24003n0163072,SerialNumber duplicated in source data; disambiguated to remain unique.
DUPLICATE_IDENTIFIER,DENR,36,ASSET,AST-003473,SerialNumber,k24003n0163072,MIGRATION DUPLICATE - 107 - k24003n0163072,SerialNumber duplicated in source data; disambiguated to remain unique.
DUPLICATE_IDENTIFIER,DENR,37,ASSET,AST-003474,SerialNumber,k24003n0163072,MIGRATION DUPLICATE - 108 - k24003n0163072,SerialNumber duplicated in source data; disambiguated to remain unique.
DUPLICATE_IDENTIFIER,DENR,38,ASSET,AST-003475,SerialNumber,k24003n0163072,MIGRATION DUPLICATE - 109 - k24003n0163072,SerialNumber duplicated in source data; disambiguated to remain unique.
DUPLICATE_IDENTIFIER,DENR,39,ASSET,AST-003476,SerialNumber,k24003n0163072,MIGRATION DUPLICATE - 110 - k24003n0163072,SerialNumber duplicated in source data; disambiguated to remain unique.
DUPLICATE_IDENTIFIER,DENR,40,ASSET,AST-003477,SerialNumber,k24003n0163072,MIGRATION DUPLICATE - 111 - k24003n0163072,SerialNumber duplicated in source data; disambiguated to remain unique.
DUPLICATE_IDENTIFIER,DENR,41,ASSET,AST-003478,SerialNumber,k24003n0163072,MIGRATION DUPLICATE - 112 - k24003n0163072,SerialNumber duplicated in source data; disambiguated to remain unique.
DUPLICATE_IDENTIFIER,DENR,42,ASSET,AST-003479,SerialNumber,k24003n0163072,MIGRATION DUPLICATE - 113 - k24003n0163072,SerialNumber duplicated in source data; disambiguated to remain unique.
DUPLICATE_IDENTIFIER,DENR,43,ASSET,AST-003480,SerialNumber,k24003n0163072,MIGRATION DUPLICATE - 114 - k24003n0163072,SerialNumber duplicated in source data; disambiguated to remain unique.
DUPLICATE_IDENTIFIER,DENR,44,ASSET,AST-003481,SerialNumber,k24003n0163072,MIGRATION DUPLICATE - 115 - k24003n0163072,SerialNumber duplicated in source data; disambiguated to remain unique.
